/****
AJOUT DE DONNEES POUR LA TABLE ACTIVITE
****/
INSERT INTO ACTIVITE (ACTIVITE_ID, ACTIVITE_LIBELLE) VALUES (1, 'Secteur financier et juridique');
INSERT INTO ACTIVITE (ACTIVITE_ID, ACTIVITE_LIBELLE) VALUES (2, 'Négoce et commerce de biens');
INSERT INTO ACTIVITE (ACTIVITE_ID, ACTIVITE_LIBELLE) VALUES (3, 'Alimentation');
INSERT INTO ACTIVITE (ACTIVITE_ID, ACTIVITE_LIBELLE) VALUES (4, 'Bâtiment, Immobilier');
INSERT INTO ACTIVITE (ACTIVITE_ID, ACTIVITE_LIBELLE) VALUES (5, 'Expertise');
INSERT INTO ACTIVITE (ACTIVITE_ID, ACTIVITE_LIBELLE) VALUES (6, 'Tourisme, loisirs, culture');
INSERT INTO ACTIVITE (ACTIVITE_ID, ACTIVITE_LIBELLE) VALUES (7, 'Enseignement');
INSERT INTO ACTIVITE (ACTIVITE_ID, ACTIVITE_LIBELLE) VALUES (8, 'Autres services');

/****
AJOUT DE DONNEES POUR LA TABLE FONCTION
****/
INSERT INTO FONCTION (FONCTION_ID, FONCTION_LIBELLE) VALUES (1,'Directeur général');
INSERT INTO FONCTION (FONCTION_ID, FONCTION_LIBELLE) VALUES (2,'Responsable des ressources humaines');
INSERT INTO FONCTION (FONCTION_ID, FONCTION_LIBELLE) VALUES (3,'Responsable Commercial');
INSERT INTO FONCTION (FONCTION_ID, FONCTION_LIBELLE) VALUES (4,'Secrétaire administratif');
INSERT INTO FONCTION (FONCTION_ID, FONCTION_LIBELLE) VALUES (5,'Responsable du département études');
INSERT INTO FONCTION (FONCTION_ID, FONCTION_LIBELLE) VALUES (6,'Chef de Projet');
INSERT INTO FONCTION (FONCTION_ID, FONCTION_LIBELLE) VALUES (7,'Analyste');
INSERT INTO FONCTION (FONCTION_ID, FONCTION_LIBELLE) VALUES (8,'Développeur');
INSERT INTO FONCTION (FONCTION_ID, FONCTION_LIBELLE) VALUES (9,'Secrétaire technique');
INSERT INTO FONCTION (FONCTION_ID, FONCTION_LIBELLE) VALUES (10,'Technicien support');
INSERT INTO FONCTION (FONCTION_ID, FONCTION_LIBELLE) VALUES (11,'Commercial');

/****
AJOUT DE DONNEES POUR LA TABLE NATURE CLIENT
****/
INSERT INTO NATURE_CLIENT (NATURE_ID, NATURE_LIBELLE) VALUES (1,'principale');
INSERT INTO NATURE_CLIENT (NATURE_ID, NATURE_LIBELLE) VALUES (2,'secondaire');
INSERT INTO NATURE_CLIENT (NATURE_ID, NATURE_LIBELLE) VALUES (3,'ancienne');

/****
AJOUT DE DONNEES POUR LA TABLE TYPE PROJET
****/
INSERT INTO TYPE_PROJET(TYPEPROJ_ID,TYPEPROJ_LIBELLE) VALUES(1, 'forfait');
INSERT INTO TYPE_PROJET(TYPEPROJ_ID,TYPEPROJ_LIBELLE) VALUES(2, 'régie');
INSERT INTO TYPE_PROJET(TYPEPROJ_ID,TYPEPROJ_LIBELLE) VALUES(3, 'assistance');

/****
AJOUT DE DONNEES POUR LA TABLE ETAPE PROJET
****/
INSERT INTO ETAPE_PROJET (ETAPEPROJ_ID, ETAPEPROJ_LIBELLE) VALUES (1,'Analyse des besoins');
INSERT INTO ETAPE_PROJET (ETAPEPROJ_ID, ETAPEPROJ_LIBELLE) VALUES (2,'Conception');
INSERT INTO ETAPE_PROJET (ETAPEPROJ_ID, ETAPEPROJ_LIBELLE) VALUES (3,'Programmation');
INSERT INTO ETAPE_PROJET (ETAPEPROJ_ID, ETAPEPROJ_LIBELLE) VALUES (4,'Tests unitaires');
INSERT INTO ETAPE_PROJET (ETAPEPROJ_ID, ETAPEPROJ_LIBELLE) VALUES (5,'Tests d’intégration');
INSERT INTO ETAPE_PROJET (ETAPEPROJ_ID, ETAPEPROJ_LIBELLE) VALUES (6,'Tests de recette et installation');
INSERT INTO ETAPE_PROJET (ETAPEPROJ_ID, ETAPEPROJ_LIBELLE) VALUES (7,'Management du projet');
INSERT INTO ETAPE_PROJET (ETAPEPROJ_ID, ETAPEPROJ_LIBELLE) VALUES (8,'Gestion de configuration');
INSERT INTO ETAPE_PROJET (ETAPEPROJ_ID, ETAPEPROJ_LIBELLE) VALUES (9,'Formation spécifique au projet');
INSERT INTO ETAPE_PROJET (ETAPEPROJ_ID, ETAPEPROJ_LIBELLE) VALUES (10,'Divers');

/****
AJOUT DE DONNEES POUR LA TABLE TYPE TECHNO
****/
INSERT INTO TYPE_TECHNO (TYPETECHNO_ID, TYPETECHNO_LIBELLE) VALUES (1, 'Langage');
INSERT INTO TYPE_TECHNO (TYPETECHNO_ID, TYPETECHNO_LIBELLE) VALUES (2, 'Base de donnée');
INSERT INTO TYPE_TECHNO (TYPETECHNO_ID, TYPETECHNO_LIBELLE) VALUES (3, 'Plateformes');

/****
AJOUT DE DONNEES POUR LA TABLE TECHNOLOGIE
****/
INSERT INTO TECHNOLOGIE (TECHNOLOGIE_ID, TYPETECHNO_ID, TECHNOLOGIE_LIBELLE) VALUES (1, 1,'Java');
INSERT INTO TECHNOLOGIE (TECHNOLOGIE_ID, TYPETECHNO_ID, TECHNOLOGIE_LIBELLE) VALUES (2, 1,'C#');
INSERT INTO TECHNOLOGIE (TECHNOLOGIE_ID, TYPETECHNO_ID, TECHNOLOGIE_LIBELLE) VALUES (3, 1,'PHP');
INSERT INTO TECHNOLOGIE (TECHNOLOGIE_ID, TYPETECHNO_ID, TECHNOLOGIE_LIBELLE) VALUES (4, 1,'Java EE');
INSERT INTO TECHNOLOGIE (TECHNOLOGIE_ID, TYPETECHNO_ID, TECHNOLOGIE_LIBELLE) VALUES (5, 2,'Oracle');
INSERT INTO TECHNOLOGIE (TECHNOLOGIE_ID, TYPETECHNO_ID, TECHNOLOGIE_LIBELLE) VALUES (6, 2,'mySQL');
INSERT INTO TECHNOLOGIE (TECHNOLOGIE_ID, TYPETECHNO_ID, TECHNOLOGIE_LIBELLE) VALUES (7, 3,'Ubuntu 16.04');
INSERT INTO TECHNOLOGIE (TECHNOLOGIE_ID, TYPETECHNO_ID, TECHNOLOGIE_LIBELLE) VALUES (8, 3,'Windows 10');

/****
AJOUT DE DONNEES POUR LA TABLE CLIENT
****/
INSERT INTO CLIENT (CLIENT_ID,NATURE_ID,ACTIVITE_ID,CLIENT_ADRESSE,CLIENT_CA,CLIENT_COMMGENERAUX,CLIENT_EFFECTIF,CLIENT_MAIL,CLIENT_RAISON_SOCIALE,CLIENT_TEL,CLIENT_TYPE) VALUES (1,3,8,'120-1049 At Chemin',58072,'nulla. Integer vulputate, risus a ultricies adipiscing, enim mi tempor',199,'a.tortor@molestiein.edu','Tincidunt PC','0232211054',1);
INSERT INTO CLIENT (CLIENT_ID,NATURE_ID,ACTIVITE_ID,CLIENT_ADRESSE,CLIENT_CA,CLIENT_COMMGENERAUX,CLIENT_EFFECTIF,CLIENT_MAIL,CLIENT_RAISON_SOCIALE,CLIENT_TEL,CLIENT_TYPE) VALUES (2,2,6,'CP 818, 9440 Imperdiet Av.',410464,'diam lorem, auctor quis, tristique ac, eleifend vitae, erat. Vivamus nisi. Mauris nulla. Integer urna.',35,'augue@auguemalesuadamalesuada.co.uk','Ut Mi Duis LLC','0378029471',1);
INSERT INTO CLIENT (CLIENT_ID,NATURE_ID,ACTIVITE_ID,CLIENT_ADRESSE,CLIENT_CA,CLIENT_COMMGENERAUX,CLIENT_EFFECTIF,CLIENT_MAIL,CLIENT_RAISON_SOCIALE,CLIENT_TEL,CLIENT_TYPE) VALUES (3,2,7,'Appartement 630-2902 Lacinia Rd.',516360,'tortor, dictum eu, placerat eget,',59,'Suspendisse.non.leo@aarcu.net','Eget Ipsum Suspendisse PC','0170225547',2);
INSERT INTO CLIENT (CLIENT_ID,NATURE_ID,ACTIVITE_ID,CLIENT_ADRESSE,CLIENT_CA,CLIENT_COMMGENERAUX,CLIENT_EFFECTIF,CLIENT_MAIL,CLIENT_RAISON_SOCIALE,CLIENT_TEL,CLIENT_TYPE) VALUES (4,2,5,'Appartement 637-950 Nulla Route',353064,'quis, pede. Suspendisse dui. Fusce diam nunc, ullamcorper eu, euismod ac, fermentum vel, mauris. Integer sem elit, pharetra ut,',24,'est.congue@DonecegestasAliquam.edu','Dolor Inc.','0879149309',1);
INSERT INTO CLIENT (CLIENT_ID,NATURE_ID,ACTIVITE_ID,CLIENT_ADRESSE,CLIENT_CA,CLIENT_COMMGENERAUX,CLIENT_EFFECTIF,CLIENT_MAIL,CLIENT_RAISON_SOCIALE,CLIENT_TEL,CLIENT_TYPE) VALUES (5,3,6,'920-2160 Magna. Rue',398298,'Cras convallis convallis dolor. Quisque tincidunt pede ac urna. Ut tincidunt vehicula risus. Nulla eget',94,'aliquet@nullamagnamalesuada.edu','At Auctor Ullamcorper Limited','0850751770',2);
INSERT INTO CLIENT (CLIENT_ID,NATURE_ID,ACTIVITE_ID,CLIENT_ADRESSE,CLIENT_CA,CLIENT_COMMGENERAUX,CLIENT_EFFECTIF,CLIENT_MAIL,CLIENT_RAISON_SOCIALE,CLIENT_TEL,CLIENT_TYPE) VALUES (6,3,1,'CP 821, 3198 Penatibus Route',12837,'ut nisi a odio semper cursus. Integer mollis. Integer tincidunt aliquam arcu. Aliquam ultrices',21,'ac.mi.eleifend@faucibusutnulla.com','Mauris Blandit Mattis PC','0450912639',1);
INSERT INTO CLIENT (CLIENT_ID,NATURE_ID,ACTIVITE_ID,CLIENT_ADRESSE,CLIENT_CA,CLIENT_COMMGENERAUX,CLIENT_EFFECTIF,CLIENT_MAIL,CLIENT_RAISON_SOCIALE,CLIENT_TEL,CLIENT_TYPE) VALUES (7,1,7,'7163 Nunc Rue',92810,'tempor arcu. Vestibulum ut eros non enim commodo hendrerit. Donec porttitor tellus non',181,'sem.semper@parturientmontesnascetur.co.uk','Justo Nec Company','0210913510',1);
INSERT INTO CLIENT (CLIENT_ID,NATURE_ID,ACTIVITE_ID,CLIENT_ADRESSE,CLIENT_CA,CLIENT_COMMGENERAUX,CLIENT_EFFECTIF,CLIENT_MAIL,CLIENT_RAISON_SOCIALE,CLIENT_TEL,CLIENT_TYPE) VALUES (8,3,7,'Appartement 821-579 Et Avenue',549280,'elit, a feugiat tellus lorem eu metus. In lorem. Donec',133,'nibh@consectetuer.edu','Mauris Eu Consulting','0243182465',1);
INSERT INTO CLIENT (CLIENT_ID,NATURE_ID,ACTIVITE_ID,CLIENT_ADRESSE,CLIENT_CA,CLIENT_COMMGENERAUX,CLIENT_EFFECTIF,CLIENT_MAIL,CLIENT_RAISON_SOCIALE,CLIENT_TEL,CLIENT_TYPE) VALUES (9,2,4,'7951 Nunc Rd.',302894,'Suspendisse sagittis. Nullam vitae diam. Proin dolor. Nulla semper tellus id nunc',88,'lorem.fringilla@gravidasitamet.ca','Integer In Magna PC','0576967046',2);
INSERT INTO CLIENT (CLIENT_ID,NATURE_ID,ACTIVITE_ID,CLIENT_ADRESSE,CLIENT_CA,CLIENT_COMMGENERAUX,CLIENT_EFFECTIF,CLIENT_MAIL,CLIENT_RAISON_SOCIALE,CLIENT_TEL,CLIENT_TYPE) VALUES (10,3,6,'569-7517 Sodales. Impasse',169803,'egestas nunc sed libero. Proin sed turpis nec mauris blandit mattis. Cras eget nisi dictum augue malesuada',151,'suscipit.nonummy@sociisnatoquepenatibus.edu','Lacus Mauris Non Limited','0155621145',2);
INSERT INTO CLIENT (CLIENT_ID,NATURE_ID,ACTIVITE_ID,CLIENT_ADRESSE,CLIENT_CA,CLIENT_COMMGENERAUX,CLIENT_EFFECTIF,CLIENT_MAIL,CLIENT_RAISON_SOCIALE,CLIENT_TEL,CLIENT_TYPE) VALUES (11,3,3,'Appartement 782-8127 Ante Rd.',103367,'bibendum fermentum metus. Aenean sed pede nec',191,'id@nonummyutmolestie.org','Purus Sapien Gravida Institute','0803640372',2);
INSERT INTO CLIENT (CLIENT_ID,NATURE_ID,ACTIVITE_ID,CLIENT_ADRESSE,CLIENT_CA,CLIENT_COMMGENERAUX,CLIENT_EFFECTIF,CLIENT_MAIL,CLIENT_RAISON_SOCIALE,CLIENT_TEL,CLIENT_TYPE) VALUES (12,3,6,'Appartement 215-2037 Donec Avenue',721584,'Cras pellentesque. Sed dictum. Proin',47,'erat.neque@quis.co.uk','Malesuada Fames Institute','0811255298',1);
INSERT INTO CLIENT (CLIENT_ID,NATURE_ID,ACTIVITE_ID,CLIENT_ADRESSE,CLIENT_CA,CLIENT_COMMGENERAUX,CLIENT_EFFECTIF,CLIENT_MAIL,CLIENT_RAISON_SOCIALE,CLIENT_TEL,CLIENT_TYPE) VALUES (13,2,7,'722-7251 Enim Avenue',410709,'amet, consectetuer adipiscing elit. Curabitur sed tortor. Integer aliquam adipiscing lacus. Ut nec',26,'Phasellus.elit@bibendumullamcorperDuis.ca','Gravida Nunc Sed Corporation','0218206398',1);
INSERT INTO CLIENT (CLIENT_ID,NATURE_ID,ACTIVITE_ID,CLIENT_ADRESSE,CLIENT_CA,CLIENT_COMMGENERAUX,CLIENT_EFFECTIF,CLIENT_MAIL,CLIENT_RAISON_SOCIALE,CLIENT_TEL,CLIENT_TYPE) VALUES (14,2,7,'CP 523, 9510 Donec Avenue',146749,'mi enim, condimentum eget, volutpat ornare, facilisis eget, ipsum. Donec',178,'accumsan@Curabiturvellectus.net','Est Consulting','0399398819',1);
INSERT INTO CLIENT (CLIENT_ID,NATURE_ID,ACTIVITE_ID,CLIENT_ADRESSE,CLIENT_CA,CLIENT_COMMGENERAUX,CLIENT_EFFECTIF,CLIENT_MAIL,CLIENT_RAISON_SOCIALE,CLIENT_TEL,CLIENT_TYPE) VALUES (15,2,7,'CP 864, 8166 Morbi Avenue',93936,'Fusce mollis. Duis sit amet diam eu dolor egestas rhoncus. Proin nisl sem, consequat nec, mollis vitae, posuere at, velit.',85,'vulputate@eratnequenon.ca','Fringilla Euismod Industries','0503013553',1);
INSERT INTO CLIENT (CLIENT_ID,NATURE_ID,ACTIVITE_ID,CLIENT_ADRESSE,CLIENT_CA,CLIENT_COMMGENERAUX,CLIENT_EFFECTIF,CLIENT_MAIL,CLIENT_RAISON_SOCIALE,CLIENT_TEL,CLIENT_TYPE) VALUES (16,3,2,'CP 800, 3604 At Avenue',671895,'risus odio, auctor vitae, aliquet nec, imperdiet nec,',21,'diam.lorem@sit.edu','Imperdiet Dictum LLC','0152791344',1);
INSERT INTO CLIENT (CLIENT_ID,NATURE_ID,ACTIVITE_ID,CLIENT_ADRESSE,CLIENT_CA,CLIENT_COMMGENERAUX,CLIENT_EFFECTIF,CLIENT_MAIL,CLIENT_RAISON_SOCIALE,CLIENT_TEL,CLIENT_TYPE) VALUES (17,3,3,'208-5879 Vestibulum Rd.',399953,'a nunc. In at pede. Cras vulputate velit eu sem. Pellentesque ut ipsum ac mi',75,'a@ultriciesornareelit.org','Pellentesque Tincidunt Tempus LLP','0514587918',1);
INSERT INTO CLIENT (CLIENT_ID,NATURE_ID,ACTIVITE_ID,CLIENT_ADRESSE,CLIENT_CA,CLIENT_COMMGENERAUX,CLIENT_EFFECTIF,CLIENT_MAIL,CLIENT_RAISON_SOCIALE,CLIENT_TEL,CLIENT_TYPE) VALUES (18,1,4,'CP 316, 6519 Iaculis Route',276463,'sit amet risus. Donec egestas. Aliquam nec enim. Nunc',187,'odio@sitamet.org','Ac LLP','0598289598',2);
INSERT INTO CLIENT (CLIENT_ID,NATURE_ID,ACTIVITE_ID,CLIENT_ADRESSE,CLIENT_CA,CLIENT_COMMGENERAUX,CLIENT_EFFECTIF,CLIENT_MAIL,CLIENT_RAISON_SOCIALE,CLIENT_TEL,CLIENT_TYPE) VALUES (19,2,2,'Appartement 370-348 Ligula. Chemin',155957,'rhoncus. Nullam velit dui, semper et, lacinia vitae,',189,'consectetuer@ac.edu','Elit Sed Consequat LLC','0277981736',1);
INSERT INTO CLIENT (CLIENT_ID,NATURE_ID,ACTIVITE_ID,CLIENT_ADRESSE,CLIENT_CA,CLIENT_COMMGENERAUX,CLIENT_EFFECTIF,CLIENT_MAIL,CLIENT_RAISON_SOCIALE,CLIENT_TEL,CLIENT_TYPE) VALUES (20,3,3,'CP 698, 5759 Porttitor Avenue',281087,'sociosqu ad litora torquent per conubia nostra, per inceptos hymenaeos. Mauris ut quam vel sapien imperdiet ornare.',111,'vitae.erat@eratvolutpatNulla.ca','Placerat Eget Venenatis Industries','0179818761',2);
INSERT INTO CLIENT (CLIENT_ID,NATURE_ID,ACTIVITE_ID,CLIENT_ADRESSE,CLIENT_CA,CLIENT_COMMGENERAUX,CLIENT_EFFECTIF,CLIENT_MAIL,CLIENT_RAISON_SOCIALE,CLIENT_TEL,CLIENT_TYPE) VALUES (21,1,7,'CP 326, 7400 Libero Rd.',73335,'nunc sit amet metus. Aliquam erat volutpat. Nulla facilisis. Suspendisse commodo tincidunt nibh. Phasellus nulla. Integer vulputate, risus a ultricies',29,'Aenean.sed@Donecporttitortellus.ca','Consectetuer Adipiscing Elit Corp.','0581756077',1);
INSERT INTO CLIENT (CLIENT_ID,NATURE_ID,ACTIVITE_ID,CLIENT_ADRESSE,CLIENT_CA,CLIENT_COMMGENERAUX,CLIENT_EFFECTIF,CLIENT_MAIL,CLIENT_RAISON_SOCIALE,CLIENT_TEL,CLIENT_TYPE) VALUES (22,1,8,'3788 Magnis Route',214116,'justo faucibus lectus, a sollicitudin orci sem eget massa. Suspendisse eleifend. Cras',109,'litora@tortor.com','Curabitur Egestas Nunc Consulting','0314676881',1);
INSERT INTO CLIENT (CLIENT_ID,NATURE_ID,ACTIVITE_ID,CLIENT_ADRESSE,CLIENT_CA,CLIENT_COMMGENERAUX,CLIENT_EFFECTIF,CLIENT_MAIL,CLIENT_RAISON_SOCIALE,CLIENT_TEL,CLIENT_TYPE) VALUES (23,2,7,'Appartement 639-7975 Ultricies Impasse',360767,'ac facilisis facilisis, magna tellus faucibus leo, in lobortis',163,'purus.mauris.a@nullaIn.ca','Suspendisse Eleifend Consulting','0105048837',2);
INSERT INTO CLIENT (CLIENT_ID,NATURE_ID,ACTIVITE_ID,CLIENT_ADRESSE,CLIENT_CA,CLIENT_COMMGENERAUX,CLIENT_EFFECTIF,CLIENT_MAIL,CLIENT_RAISON_SOCIALE,CLIENT_TEL,CLIENT_TYPE) VALUES (24,1,7,'7290 In Ave',422530,'interdum feugiat. Sed nec metus facilisis lorem tristique aliquet. Phasellus',51,'tristique@ullamcorpereueuismod.co.uk','Nunc Lectus Pede Foundation','0171126345',1);
INSERT INTO CLIENT (CLIENT_ID,NATURE_ID,ACTIVITE_ID,CLIENT_ADRESSE,CLIENT_CA,CLIENT_COMMGENERAUX,CLIENT_EFFECTIF,CLIENT_MAIL,CLIENT_RAISON_SOCIALE,CLIENT_TEL,CLIENT_TYPE) VALUES (25,3,7,'CP 349, 6208 Nulla. Rd.',293886,'urna. Vivamus molestie dapibus ligula.',149,'Donec.at@mi.ca','At Augue Id LLP','0536682909',2);
INSERT INTO CLIENT (CLIENT_ID,NATURE_ID,ACTIVITE_ID,CLIENT_ADRESSE,CLIENT_CA,CLIENT_COMMGENERAUX,CLIENT_EFFECTIF,CLIENT_MAIL,CLIENT_RAISON_SOCIALE,CLIENT_TEL,CLIENT_TYPE) VALUES (26,3,4,'372-2628 Nulla Route',328879,'suscipit nonummy. Fusce fermentum fermentum arcu. Vestibulum ante ipsum primis in faucibus orci',143,'Etiam@lacus.ca','Lectus Sit LLC','0336273726',1);
INSERT INTO CLIENT (CLIENT_ID,NATURE_ID,ACTIVITE_ID,CLIENT_ADRESSE,CLIENT_CA,CLIENT_COMMGENERAUX,CLIENT_EFFECTIF,CLIENT_MAIL,CLIENT_RAISON_SOCIALE,CLIENT_TEL,CLIENT_TYPE) VALUES (27,3,1,'CP 803, 7789 Tempor Avenue',270556,'lobortis risus. In mi pede, nonummy ut, molestie in, tempus eu, ligula. Aenean euismod mauris eu elit. Nulla facilisi. Sed',61,'ligula.Nullam@eget.co.uk','Tristique Senectus Et Foundation','0349336940',2);
INSERT INTO CLIENT (CLIENT_ID,NATURE_ID,ACTIVITE_ID,CLIENT_ADRESSE,CLIENT_CA,CLIENT_COMMGENERAUX,CLIENT_EFFECTIF,CLIENT_MAIL,CLIENT_RAISON_SOCIALE,CLIENT_TEL,CLIENT_TYPE) VALUES (28,3,3,'Appartement 262-1630 Magna. Chemin',730746,'gravida. Aliquam tincidunt, nunc ac mattis ornare, lectus ante dictum mi, ac mattis velit justo nec ante. Maecenas mi',86,'Etiam@placerat.org','In Foundation','0352228054',1);
INSERT INTO CLIENT (CLIENT_ID,NATURE_ID,ACTIVITE_ID,CLIENT_ADRESSE,CLIENT_CA,CLIENT_COMMGENERAUX,CLIENT_EFFECTIF,CLIENT_MAIL,CLIENT_RAISON_SOCIALE,CLIENT_TEL,CLIENT_TYPE) VALUES (29,2,7,'Appartement 738-7957 Nulla Impasse',443033,'ligula. Aliquam erat volutpat. Nulla dignissim. Maecenas ornare egestas ligula. Nullam feugiat placerat velit. Quisque varius. Nam porttitor',187,'ac@eleifendvitae.com','Leo Elementum Sem Limited','0284004158',1);
INSERT INTO CLIENT (CLIENT_ID,NATURE_ID,ACTIVITE_ID,CLIENT_ADRESSE,CLIENT_CA,CLIENT_COMMGENERAUX,CLIENT_EFFECTIF,CLIENT_MAIL,CLIENT_RAISON_SOCIALE,CLIENT_TEL,CLIENT_TYPE) VALUES (30,3,3,'420 Amet Ave',174489,'Nam interdum enim non nisi. Aenean eget',104,'libero.Proin@aliquam.org','Pede Nec Associates','0514202610',1);
INSERT INTO CLIENT (CLIENT_ID,NATURE_ID,ACTIVITE_ID,CLIENT_ADRESSE,CLIENT_CA,CLIENT_COMMGENERAUX,CLIENT_EFFECTIF,CLIENT_MAIL,CLIENT_RAISON_SOCIALE,CLIENT_TEL,CLIENT_TYPE) VALUES (31,3,4,'761-589 Per Avenue',538440,'tempus non, lacinia at, iaculis quis, pede.',162,'eu.ultrices@Donec.com','Id Ante Dictum Foundation','0448958676',1);
INSERT INTO CLIENT (CLIENT_ID,NATURE_ID,ACTIVITE_ID,CLIENT_ADRESSE,CLIENT_CA,CLIENT_COMMGENERAUX,CLIENT_EFFECTIF,CLIENT_MAIL,CLIENT_RAISON_SOCIALE,CLIENT_TEL,CLIENT_TYPE) VALUES (32,2,4,'CP 291, 1614 Aliquet. Chemin',132484,'Suspendisse non leo. Vivamus nibh dolor,',40,'diam.Sed@NullamenimSed.ca','Aliquet LLP','0107242437',1);
INSERT INTO CLIENT (CLIENT_ID,NATURE_ID,ACTIVITE_ID,CLIENT_ADRESSE,CLIENT_CA,CLIENT_COMMGENERAUX,CLIENT_EFFECTIF,CLIENT_MAIL,CLIENT_RAISON_SOCIALE,CLIENT_TEL,CLIENT_TYPE) VALUES (33,1,5,'Appartement 271-4859 Turpis Impasse',766728,'Suspendisse non leo. Vivamus nibh dolor, nonummy ac, feugiat non, lobortis quis, pede. Suspendisse',169,'magna.nec.quam@velitinaliquet.co.uk','Pede Nec Ante Industries','0216166446',2);
INSERT INTO CLIENT (CLIENT_ID,NATURE_ID,ACTIVITE_ID,CLIENT_ADRESSE,CLIENT_CA,CLIENT_COMMGENERAUX,CLIENT_EFFECTIF,CLIENT_MAIL,CLIENT_RAISON_SOCIALE,CLIENT_TEL,CLIENT_TYPE) VALUES (34,1,4,'1560 Lacus. Chemin',747263,'vehicula. Pellentesque tincidunt tempus risus. Donec egestas. Duis ac arcu. Nunc mauris. Morbi non sapien molestie',27,'Nullam@ut.com','Proin Eget Odio Inc.','0334464540',2);
INSERT INTO CLIENT (CLIENT_ID,NATURE_ID,ACTIVITE_ID,CLIENT_ADRESSE,CLIENT_CA,CLIENT_COMMGENERAUX,CLIENT_EFFECTIF,CLIENT_MAIL,CLIENT_RAISON_SOCIALE,CLIENT_TEL,CLIENT_TYPE) VALUES (35,3,8,'Appartement 794-1087 Magnis Avenue',384692,'tristique neque venenatis lacus. Etiam bibendum fermentum metus. Aenean sed pede nec ante blandit viverra. Donec tempus, lorem',136,'eu.augue@orciconsectetuer.org','Dictum Proin Corporation','0422546034',2);
INSERT INTO CLIENT (CLIENT_ID,NATURE_ID,ACTIVITE_ID,CLIENT_ADRESSE,CLIENT_CA,CLIENT_COMMGENERAUX,CLIENT_EFFECTIF,CLIENT_MAIL,CLIENT_RAISON_SOCIALE,CLIENT_TEL,CLIENT_TYPE) VALUES (36,3,7,'548 Adipiscing. Impasse',56689,'odio tristique pharetra. Quisque ac libero nec ligula consectetuer rhoncus. Nullam velit dui, semper et, lacinia vitae, sodales at, velit.',27,'eleifend.nunc.risus@tellusidnunc.ca','Ipsum Donec Consulting','0378413906',1);
INSERT INTO CLIENT (CLIENT_ID,NATURE_ID,ACTIVITE_ID,CLIENT_ADRESSE,CLIENT_CA,CLIENT_COMMGENERAUX,CLIENT_EFFECTIF,CLIENT_MAIL,CLIENT_RAISON_SOCIALE,CLIENT_TEL,CLIENT_TYPE) VALUES (37,3,5,'CP 820, 4005 Leo. Route',176849,'Nunc lectus pede, ultrices a,',79,'enim.diam@adipiscingfringillaporttitor.org','Ante Foundation','0452372309',1);
INSERT INTO CLIENT (CLIENT_ID,NATURE_ID,ACTIVITE_ID,CLIENT_ADRESSE,CLIENT_CA,CLIENT_COMMGENERAUX,CLIENT_EFFECTIF,CLIENT_MAIL,CLIENT_RAISON_SOCIALE,CLIENT_TEL,CLIENT_TYPE) VALUES (38,3,6,'7169 Molestie Chemin',764233,'sapien, gravida non, sollicitudin a, malesuada id, erat. Etiam vestibulum massa rutrum',73,'Suspendisse.sagittis@idlibero.edu','Fringilla Inc.','0181838554',1);
INSERT INTO CLIENT (CLIENT_ID,NATURE_ID,ACTIVITE_ID,CLIENT_ADRESSE,CLIENT_CA,CLIENT_COMMGENERAUX,CLIENT_EFFECTIF,CLIENT_MAIL,CLIENT_RAISON_SOCIALE,CLIENT_TEL,CLIENT_TYPE) VALUES (39,1,8,'156-8226 Ipsum. Avenue',440949,'Donec tempus, lorem fringilla ornare placerat, orci lacus vestibulum lorem, sit amet ultricies sem magna nec quam. Curabitur vel',110,'in.consectetuer.ipsum@velit.ca','Non Corp.','0345599517',2);
INSERT INTO CLIENT (CLIENT_ID,NATURE_ID,ACTIVITE_ID,CLIENT_ADRESSE,CLIENT_CA,CLIENT_COMMGENERAUX,CLIENT_EFFECTIF,CLIENT_MAIL,CLIENT_RAISON_SOCIALE,CLIENT_TEL,CLIENT_TYPE) VALUES (40,3,5,'1246 Neque Av.',103736,'sodales purus, in molestie tortor',53,'Aenean.eget@consectetuereuismod.edu','Est Mauris Rhoncus LLC','0392158438',2);
INSERT INTO CLIENT (CLIENT_ID,NATURE_ID,ACTIVITE_ID,CLIENT_ADRESSE,CLIENT_CA,CLIENT_COMMGENERAUX,CLIENT_EFFECTIF,CLIENT_MAIL,CLIENT_RAISON_SOCIALE,CLIENT_TEL,CLIENT_TYPE) VALUES (41,1,2,'Appartement 880-949 Convallis, Av.',705396,'lectus sit amet luctus vulputate, nisi sem semper erat, in consectetuer ipsum nunc id enim. Curabitur massa. Vestibulum',63,'erat.Sed@augueeu.ca','Accumsan Laoreet Ipsum Industries','0192685218',2);
INSERT INTO CLIENT (CLIENT_ID,NATURE_ID,ACTIVITE_ID,CLIENT_ADRESSE,CLIENT_CA,CLIENT_COMMGENERAUX,CLIENT_EFFECTIF,CLIENT_MAIL,CLIENT_RAISON_SOCIALE,CLIENT_TEL,CLIENT_TYPE) VALUES (42,2,1,'CP 523, 1143 Imperdiet Rd.',312029,'Suspendisse aliquet molestie tellus. Aenean egestas hendrerit neque. In ornare sagittis felis. Donec tempor, est',43,'vel.pede@nonummyultricies.co.uk','Velit Egestas Lacinia Industries','0234044456',1);
INSERT INTO CLIENT (CLIENT_ID,NATURE_ID,ACTIVITE_ID,CLIENT_ADRESSE,CLIENT_CA,CLIENT_COMMGENERAUX,CLIENT_EFFECTIF,CLIENT_MAIL,CLIENT_RAISON_SOCIALE,CLIENT_TEL,CLIENT_TYPE) VALUES (43,3,7,'Appartement 590-4109 Sed Rd.',681647,'ullamcorper magna. Sed eu eros. Nam consequat dolor vitae dolor.',178,'pede.Suspendisse.dui@anteMaecenas.net','Faucibus Company','0347331122',2);
INSERT INTO CLIENT (CLIENT_ID,NATURE_ID,ACTIVITE_ID,CLIENT_ADRESSE,CLIENT_CA,CLIENT_COMMGENERAUX,CLIENT_EFFECTIF,CLIENT_MAIL,CLIENT_RAISON_SOCIALE,CLIENT_TEL,CLIENT_TYPE) VALUES (44,1,4,'1907 A, Impasse',238387,'amet diam eu dolor egestas rhoncus. Proin nisl sem, consequat nec, mollis vitae, posuere at, velit. Cras',57,'molestie.Sed@Proinvelarcu.org','Nibh LLP','0156516545',1);
INSERT INTO CLIENT (CLIENT_ID,NATURE_ID,ACTIVITE_ID,CLIENT_ADRESSE,CLIENT_CA,CLIENT_COMMGENERAUX,CLIENT_EFFECTIF,CLIENT_MAIL,CLIENT_RAISON_SOCIALE,CLIENT_TEL,CLIENT_TYPE) VALUES (45,3,2,'Appartement 463-7504 Egestas Impasse',369147,'nec ligula consectetuer rhoncus. Nullam velit dui, semper et, lacinia vitae, sodales at, velit. Pellentesque ultricies dignissim lacus. Aliquam',160,'dignissim@felisegetvarius.co.uk','Aliquam Industries','0388063582',1);
INSERT INTO CLIENT (CLIENT_ID,NATURE_ID,ACTIVITE_ID,CLIENT_ADRESSE,CLIENT_CA,CLIENT_COMMGENERAUX,CLIENT_EFFECTIF,CLIENT_MAIL,CLIENT_RAISON_SOCIALE,CLIENT_TEL,CLIENT_TYPE) VALUES (46,2,3,'Appartement 999-4331 Dignissim Rue',660498,'elementum, lorem ut aliquam iaculis, lacus pede sagittis augue, eu tempor erat',83,'aptent@non.edu','Posuere Consulting','0214279062',2);
INSERT INTO CLIENT (CLIENT_ID,NATURE_ID,ACTIVITE_ID,CLIENT_ADRESSE,CLIENT_CA,CLIENT_COMMGENERAUX,CLIENT_EFFECTIF,CLIENT_MAIL,CLIENT_RAISON_SOCIALE,CLIENT_TEL,CLIENT_TYPE) VALUES (47,2,3,'CP 413, 887 Pede Chemin',737661,'id magna et ipsum cursus vestibulum. Mauris magna. Duis dignissim tempor arcu.',188,'bibendum@imperdietnon.com','Euismod Consulting','0825751180',1);
INSERT INTO CLIENT (CLIENT_ID,NATURE_ID,ACTIVITE_ID,CLIENT_ADRESSE,CLIENT_CA,CLIENT_COMMGENERAUX,CLIENT_EFFECTIF,CLIENT_MAIL,CLIENT_RAISON_SOCIALE,CLIENT_TEL,CLIENT_TYPE) VALUES (48,3,5,'344-6944 Ac Chemin',248391,'auctor ullamcorper, nisl arcu iaculis enim,',121,'magna@dui.com','Et Consulting','0112742988',2);
INSERT INTO CLIENT (CLIENT_ID,NATURE_ID,ACTIVITE_ID,CLIENT_ADRESSE,CLIENT_CA,CLIENT_COMMGENERAUX,CLIENT_EFFECTIF,CLIENT_MAIL,CLIENT_RAISON_SOCIALE,CLIENT_TEL,CLIENT_TYPE) VALUES (49,1,4,'Appartement 110-2442 Senectus Avenue',582765,'turpis nec mauris blandit mattis. Cras eget nisi dictum augue',50,'velit@lobortis.net','Iaculis Incorporated','0374749223',1);
INSERT INTO CLIENT (CLIENT_ID,NATURE_ID,ACTIVITE_ID,CLIENT_ADRESSE,CLIENT_CA,CLIENT_COMMGENERAUX,CLIENT_EFFECTIF,CLIENT_MAIL,CLIENT_RAISON_SOCIALE,CLIENT_TEL,CLIENT_TYPE) VALUES (50,1,7,'Appartement 127-1156 Sagittis Rue',441037,'libero. Integer in magna. Phasellus dolor elit, pellentesque a, facilisis non, bibendum sed, est. Nunc laoreet lectus quis massa.',52,'placerat@a.edu','In Lobortis Tellus Inc.','0540067062',2);

/****
AJOUT DE DONNEES POUR LA TABLE CONTACT
****/
INSERT INTO CONTACT (CONTACT_ID,CONTACT_EMAIL,CONTACT_FONCTION,CONTACT_MOBILE,CONTACT_NOM,CONTACT_PRENOM,CONTACT_TEL) VALUES (1,'metus.In.nec@mus.net',' Acheteur ','0613900953','Brun','Chaïma','0858036134');
INSERT INTO CONTACT (CONTACT_ID,CONTACT_EMAIL,CONTACT_FONCTION,CONTACT_MOBILE,CONTACT_NOM,CONTACT_PRENOM,CONTACT_TEL) VALUES (2,'elit@commodohendreritDonec.net','     Directeur des achats ','0775369706','David','Thibault','0303409236');
INSERT INTO CONTACT (CONTACT_ID,CONTACT_EMAIL,CONTACT_FONCTION,CONTACT_MOBILE,CONTACT_NOM,CONTACT_PRENOM,CONTACT_TEL) VALUES (3,'feugiat.Lorem.ipsum@amet.org',' Directeur général ','0738492591','Collin','Léa','0507729630');
INSERT INTO CONTACT (CONTACT_ID,CONTACT_EMAIL,CONTACT_FONCTION,CONTACT_MOBILE,CONTACT_NOM,CONTACT_PRENOM,CONTACT_TEL) VALUES (4,'venenatis@magnamalesuada.com',' Directeur technique ','0735925561','Le goff','Catherine','0136827991');
INSERT INTO CONTACT (CONTACT_ID,CONTACT_EMAIL,CONTACT_FONCTION,CONTACT_MOBILE,CONTACT_NOM,CONTACT_PRENOM,CONTACT_TEL) VALUES (5,'Nam@blandit.org',' Directeur des systèmes d’information ','0635076918','Vincent','Alexis','0449526309');
INSERT INTO CONTACT (CONTACT_ID,CONTACT_EMAIL,CONTACT_FONCTION,CONTACT_MOBILE,CONTACT_NOM,CONTACT_PRENOM,CONTACT_TEL) VALUES (6,'metus.Aenean@imperdiet.ca',' Directeur financier ','0713932405','Petit','Océane','0266042411');
INSERT INTO CONTACT (CONTACT_ID,CONTACT_EMAIL,CONTACT_FONCTION,CONTACT_MOBILE,CONTACT_NOM,CONTACT_PRENOM,CONTACT_TEL) VALUES (7,'ut.molestie@velarcu.com',' Hôtesse d’accueil   ','0686477868','David','Juliette','0173670052');
INSERT INTO CONTACT (CONTACT_ID,CONTACT_EMAIL,CONTACT_FONCTION,CONTACT_MOBILE,CONTACT_NOM,CONTACT_PRENOM,CONTACT_TEL) VALUES (8,'et@Nunc.ca',' directeur informatique ','0688360023','Michel','Bienvenue','0525931118');
INSERT INTO CONTACT (CONTACT_ID,CONTACT_EMAIL,CONTACT_FONCTION,CONTACT_MOBILE,CONTACT_NOM,CONTACT_PRENOM,CONTACT_TEL) VALUES (9,'neque.vitae@vitaeodio.edu',' Responsable administratif ','0787344763','Louis','Renaud','0416770262');
INSERT INTO CONTACT (CONTACT_ID,CONTACT_EMAIL,CONTACT_FONCTION,CONTACT_MOBILE,CONTACT_NOM,CONTACT_PRENOM,CONTACT_TEL) VALUES (10,'nec@ultricesa.com',' Directeur des ressources humaines ','0741133814','Le roux','Macéo','0100263800');
INSERT INTO CONTACT (CONTACT_ID,CONTACT_EMAIL,CONTACT_FONCTION,CONTACT_MOBILE,CONTACT_NOM,CONTACT_PRENOM,CONTACT_TEL) VALUES (11,'Aenean.gravida@mauris.com',' Responsable développement ','0647647698','Bouvier','Adrien','0245183910');
INSERT INTO CONTACT (CONTACT_ID,CONTACT_EMAIL,CONTACT_FONCTION,CONTACT_MOBILE,CONTACT_NOM,CONTACT_PRENOM,CONTACT_TEL) VALUES (12,'commodo@dui.edu',' Directeur commercial ','0711875187','Muller','Anthony','0494711771');
INSERT INTO CONTACT (CONTACT_ID,CONTACT_EMAIL,CONTACT_FONCTION,CONTACT_MOBILE,CONTACT_NOM,CONTACT_PRENOM,CONTACT_TEL) VALUES (13,'velit@ultricesDuis.co.uk',' Assistant juridique ','0639644752','Andre','Malo','0548380678');
INSERT INTO CONTACT (CONTACT_ID,CONTACT_EMAIL,CONTACT_FONCTION,CONTACT_MOBILE,CONTACT_NOM,CONTACT_PRENOM,CONTACT_TEL) VALUES (14,'nec.metus@in.ca',' directeur informatique ','0606472167','Jacquet','Arthur','0213033253');
INSERT INTO CONTACT (CONTACT_ID,CONTACT_EMAIL,CONTACT_FONCTION,CONTACT_MOBILE,CONTACT_NOM,CONTACT_PRENOM,CONTACT_TEL) VALUES (15,'laoreet.ipsum@vitaenibh.com',' Responsable juridique ','0609068299','Lucas','Titouan','0167597378');
INSERT INTO CONTACT (CONTACT_ID,CONTACT_EMAIL,CONTACT_FONCTION,CONTACT_MOBILE,CONTACT_NOM,CONTACT_PRENOM,CONTACT_TEL) VALUES (16,'Suspendisse.non@quis.edu',' Directeur technique ','0794053429','Morel','Mathis','0590872525');
INSERT INTO CONTACT (CONTACT_ID,CONTACT_EMAIL,CONTACT_FONCTION,CONTACT_MOBILE,CONTACT_NOM,CONTACT_PRENOM,CONTACT_TEL) VALUES (17,'libero.dui@massa.com',' Responsable service clients ','0609269046','Bonnet','Lina','0236410689');
INSERT INTO CONTACT (CONTACT_ID,CONTACT_EMAIL,CONTACT_FONCTION,CONTACT_MOBILE,CONTACT_NOM,CONTACT_PRENOM,CONTACT_TEL) VALUES (18,'dignissim.tempor@adipiscingfringillaporttitor.ca',' Assistant achats ','0650249220','Morin','Yasmine','0450843638');
INSERT INTO CONTACT (CONTACT_ID,CONTACT_EMAIL,CONTACT_FONCTION,CONTACT_MOBILE,CONTACT_NOM,CONTACT_PRENOM,CONTACT_TEL) VALUES (19,'a.malesuada.id@sitamet.ca',' Directeur recherche et développement ','0718847183','Charpentier','Tristan','0484356466');
INSERT INTO CONTACT (CONTACT_ID,CONTACT_EMAIL,CONTACT_FONCTION,CONTACT_MOBILE,CONTACT_NOM,CONTACT_PRENOM,CONTACT_TEL) VALUES (20,'metus.eu.erat@elitelit.net',' Responsable juridique ','0759927891','Barre','Roméo','0156856806');
INSERT INTO CONTACT (CONTACT_ID,CONTACT_EMAIL,CONTACT_FONCTION,CONTACT_MOBILE,CONTACT_NOM,CONTACT_PRENOM,CONTACT_TEL) VALUES (21,'luctus.sit@Crasdolordolor.co.uk',' Chef de projet informatique ','0623407569','Paul','Salomé','0858769348');
INSERT INTO CONTACT (CONTACT_ID,CONTACT_EMAIL,CONTACT_FONCTION,CONTACT_MOBILE,CONTACT_NOM,CONTACT_PRENOM,CONTACT_TEL) VALUES (22,'sit.amet.massa@pedenec.org',' Hôtesse d’accueil   ','0749045532','Mathieu','Jérémy','0111226392');
INSERT INTO CONTACT (CONTACT_ID,CONTACT_EMAIL,CONTACT_FONCTION,CONTACT_MOBILE,CONTACT_NOM,CONTACT_PRENOM,CONTACT_TEL) VALUES (23,'dictum@Aenean.co.uk',' Responsable recherche ','0690163182','Roussel','Agathe','0291511102');
INSERT INTO CONTACT (CONTACT_ID,CONTACT_EMAIL,CONTACT_FONCTION,CONTACT_MOBILE,CONTACT_NOM,CONTACT_PRENOM,CONTACT_TEL) VALUES (24,'Duis.risus.odio@sitametconsectetuer.co.uk',' Directeur industriel ','0738145696','Renaud','Lamia','0358811388');
INSERT INTO CONTACT (CONTACT_ID,CONTACT_EMAIL,CONTACT_FONCTION,CONTACT_MOBILE,CONTACT_NOM,CONTACT_PRENOM,CONTACT_TEL) VALUES (25,'Integer.eu.lacus@mauris.ca',' Directeur général ','0636561696','Rolland','Lola','0862700575');
INSERT INTO CONTACT (CONTACT_ID,CONTACT_EMAIL,CONTACT_FONCTION,CONTACT_MOBILE,CONTACT_NOM,CONTACT_PRENOM,CONTACT_TEL) VALUES (26,'facilisi@convallisdolorQuisque.net',' Secrétaire ','0722712143','Weber','Lana','0162509093');
INSERT INTO CONTACT (CONTACT_ID,CONTACT_EMAIL,CONTACT_FONCTION,CONTACT_MOBILE,CONTACT_NOM,CONTACT_PRENOM,CONTACT_TEL) VALUES (27,'nonummy@lectus.com',' Directeur supply chain ','0641619865','Charpentier','Anaël','0865941367');
INSERT INTO CONTACT (CONTACT_ID,CONTACT_EMAIL,CONTACT_FONCTION,CONTACT_MOBILE,CONTACT_NOM,CONTACT_PRENOM,CONTACT_TEL) VALUES (28,'laoreet@Pellentesque.org',' Directeur marketing ','0648206774','Lefevre','Sarah','0268257905');
INSERT INTO CONTACT (CONTACT_ID,CONTACT_EMAIL,CONTACT_FONCTION,CONTACT_MOBILE,CONTACT_NOM,CONTACT_PRENOM,CONTACT_TEL) VALUES (29,'Donec.tempus@ut.com',' Assistant juridique ','0727702084','Charpentier','Alice','0522488176');
INSERT INTO CONTACT (CONTACT_ID,CONTACT_EMAIL,CONTACT_FONCTION,CONTACT_MOBILE,CONTACT_NOM,CONTACT_PRENOM,CONTACT_TEL) VALUES (30,'ut@aarcu.edu',' Directeur technique ','0788929823','Collin','Lilou','0206363681');
INSERT INTO CONTACT (CONTACT_ID,CONTACT_EMAIL,CONTACT_FONCTION,CONTACT_MOBILE,CONTACT_NOM,CONTACT_PRENOM,CONTACT_TEL) VALUES (31,'enim@litoratorquent.com',' Directeur des ressources humaines ','0678109996','Le gall','Félix','0512179354');
INSERT INTO CONTACT (CONTACT_ID,CONTACT_EMAIL,CONTACT_FONCTION,CONTACT_MOBILE,CONTACT_NOM,CONTACT_PRENOM,CONTACT_TEL) VALUES (32,'vitae.diam@idrisus.org',' Responsable hygiène sécurité environnement ','0692135451','Olivier','Gabin','0372671296');
INSERT INTO CONTACT (CONTACT_ID,CONTACT_EMAIL,CONTACT_FONCTION,CONTACT_MOBILE,CONTACT_NOM,CONTACT_PRENOM,CONTACT_TEL) VALUES (33,'convallis@mi.net',' Directeur financier ','0739188292','Lambert','Élise','0826929485');
INSERT INTO CONTACT (CONTACT_ID,CONTACT_EMAIL,CONTACT_FONCTION,CONTACT_MOBILE,CONTACT_NOM,CONTACT_PRENOM,CONTACT_TEL) VALUES (34,'Aenean.eget.metus@sapien.com',' Technicien de gestion administrative ','0647246346','Carre','Jade','0877840187');
INSERT INTO CONTACT (CONTACT_ID,CONTACT_EMAIL,CONTACT_FONCTION,CONTACT_MOBILE,CONTACT_NOM,CONTACT_PRENOM,CONTACT_TEL) VALUES (35,'eleifend.egestas.Sed@euismodetcommodo.edu',' Directeur marketing ','0659253930','Jean','Lina','0397405445');
INSERT INTO CONTACT (CONTACT_ID,CONTACT_EMAIL,CONTACT_FONCTION,CONTACT_MOBILE,CONTACT_NOM,CONTACT_PRENOM,CONTACT_TEL) VALUES (36,'Sed.eu@sem.co.uk',' Responsable administration des ventes ','0687181118','Guyot','Gaspard','0587944870');
INSERT INTO CONTACT (CONTACT_ID,CONTACT_EMAIL,CONTACT_FONCTION,CONTACT_MOBILE,CONTACT_NOM,CONTACT_PRENOM,CONTACT_TEL) VALUES (37,'rhoncus.Nullam.velit@sempercursusInteger.co.uk',' Assistant juridique ','0795368568','Benoit','Mélanie','0176058226');
INSERT INTO CONTACT (CONTACT_ID,CONTACT_EMAIL,CONTACT_FONCTION,CONTACT_MOBILE,CONTACT_NOM,CONTACT_PRENOM,CONTACT_TEL) VALUES (38,'fermentum.arcu@mollis.org',' Directeur général adjoint ','0779176259','Leveque','Nolan','0857170118');
INSERT INTO CONTACT (CONTACT_ID,CONTACT_EMAIL,CONTACT_FONCTION,CONTACT_MOBILE,CONTACT_NOM,CONTACT_PRENOM,CONTACT_TEL) VALUES (39,'at@arcuiaculis.org',' Directeur des systèmes d’information ','0619887515','Bouvier','Maëlle','0411776005');
INSERT INTO CONTACT (CONTACT_ID,CONTACT_EMAIL,CONTACT_FONCTION,CONTACT_MOBILE,CONTACT_NOM,CONTACT_PRENOM,CONTACT_TEL) VALUES (40,'cubilia.Curae.Phasellus@anteipsum.co.uk',' Responsable expéditions ','0704296313','Le gall','Capucine','0275896972');
INSERT INTO CONTACT (CONTACT_ID,CONTACT_EMAIL,CONTACT_FONCTION,CONTACT_MOBILE,CONTACT_NOM,CONTACT_PRENOM,CONTACT_TEL) VALUES (41,'Etiam.vestibulum@morbi.ca',' Directeur des ventes export ','0720376341','Renaud','Salomé','0845199361');
INSERT INTO CONTACT (CONTACT_ID,CONTACT_EMAIL,CONTACT_FONCTION,CONTACT_MOBILE,CONTACT_NOM,CONTACT_PRENOM,CONTACT_TEL) VALUES (42,'dictum.cursus@disparturientmontes.edu',' Directeur logistique ','0793043944','Royer','Chaïma','0451178956');
INSERT INTO CONTACT (CONTACT_ID,CONTACT_EMAIL,CONTACT_FONCTION,CONTACT_MOBILE,CONTACT_NOM,CONTACT_PRENOM,CONTACT_TEL) VALUES (43,'et.pede@ametnullaDonec.edu',' Directeur industriel ','0779798235','Vasseur','Anaël','0591634604');
INSERT INTO CONTACT (CONTACT_ID,CONTACT_EMAIL,CONTACT_FONCTION,CONTACT_MOBILE,CONTACT_NOM,CONTACT_PRENOM,CONTACT_TEL) VALUES (44,'Suspendisse.tristique@eleifendegestasSed.edu',' Secrétaire de direction ','0656906401','Benoit','Zoé','0216294813');
INSERT INTO CONTACT (CONTACT_ID,CONTACT_EMAIL,CONTACT_FONCTION,CONTACT_MOBILE,CONTACT_NOM,CONTACT_PRENOM,CONTACT_TEL) VALUES (45,'eros.Nam.consequat@nulla.ca',' Responsable de magasin ','0763567163','Faure','Timothée','0357142083');
INSERT INTO CONTACT (CONTACT_ID,CONTACT_EMAIL,CONTACT_FONCTION,CONTACT_MOBILE,CONTACT_NOM,CONTACT_PRENOM,CONTACT_TEL) VALUES (46,'dictum.augue@dolor.edu',' Directeur technique ','0634720605','Charpentier','Anaël','0283007030');
INSERT INTO CONTACT (CONTACT_ID,CONTACT_EMAIL,CONTACT_FONCTION,CONTACT_MOBILE,CONTACT_NOM,CONTACT_PRENOM,CONTACT_TEL) VALUES (47,'leo.in@ipsumprimisin.co.uk',' Responsable approvisionnements ','0647325802','Leclercq','Mathéo','0598506363');
INSERT INTO CONTACT (CONTACT_ID,CONTACT_EMAIL,CONTACT_FONCTION,CONTACT_MOBILE,CONTACT_NOM,CONTACT_PRENOM,CONTACT_TEL) VALUES (48,'amet.consectetuer@vitaesodalesnisi.co.uk','Chargé de communication ','0726393964','Bonnet','Julie','0425013546');
INSERT INTO CONTACT (CONTACT_ID,CONTACT_EMAIL,CONTACT_FONCTION,CONTACT_MOBILE,CONTACT_NOM,CONTACT_PRENOM,CONTACT_TEL) VALUES (49,'imperdiet@Duis.net',' Responsable recherche ','0658070846','Lefevre','Éloïse','0103982178');
INSERT INTO CONTACT (CONTACT_ID,CONTACT_EMAIL,CONTACT_FONCTION,CONTACT_MOBILE,CONTACT_NOM,CONTACT_PRENOM,CONTACT_TEL) VALUES (50,'sagittis.augue@Morbi.net',' Responsable du service entretien et maintenance ','0780875023','Pierre','Gilbert','0340251709');

/****
AJOUT DE DONNEES POUR LA TABLE COLLABORATEUR
****/
INSERT INTO COLLABORATEUR (COLLA_ID,COL_COLLA_ID,FONCTION_ID,COLLA_ADRESSE1,COLLA_ADRESSE2,COLLA_CP,COLLA_DATE_EMBAUCHE,COLLA_DATE_FIN_CONTRAT,COLLA_MAIL,COLLA_MOBILE,COLLA_NOM,COLLA_PRENOM,COLLA_SEXE,COLLA_STATUT,COLLA_TEL,COLLA_TITRE,COLLA_VILLE) VALUES (2,'1',2,'CP 569, 5815 Morbi Ave','null','31722','08/01/2007','26/07/2017','quis@velit.org','0673762175','Simon','Elsa','F','CDI','0447016078','MME','Tomé');
INSERT INTO COLLABORATEUR (COLLA_ID,COL_COLLA_ID,FONCTION_ID,COLLA_ADRESSE1,COLLA_ADRESSE2,COLLA_CP,COLLA_DATE_EMBAUCHE,COLLA_DATE_FIN_CONTRAT,COLLA_MAIL,COLLA_MOBILE,COLLA_NOM,COLLA_PRENOM,COLLA_SEXE,COLLA_STATUT,COLLA_TEL,COLLA_TITRE,COLLA_VILLE) VALUES (3,'1',7,'9140 Quisque Ave','null','23577','14/08/2003','26/07/2017','mauris.ut.mi@Namnullamagna.org','0609626395','Gonzalez','Mattéo','F','CDD','0120722723','MME','Kędzierzyn-Koźle');
INSERT INTO COLLABORATEUR (COLLA_ID,COL_COLLA_ID,FONCTION_ID,COLLA_ADRESSE1,COLLA_ADRESSE2,COLLA_CP,COLLA_DATE_EMBAUCHE,COLLA_DATE_FIN_CONTRAT,COLLA_MAIL,COLLA_MOBILE,COLLA_NOM,COLLA_PRENOM,COLLA_SEXE,COLLA_STATUT,COLLA_TEL,COLLA_TITRE,COLLA_VILLE) VALUES (4,'1',6,'887-2787 Suspendisse Chemin','null','83468','15/03/2016','26/07/2017','commodo.hendrerit.Donec@iaculisquispede.com','0777556426','Nguyen','Ambre','F','CDI','0409975131','MME','Frankenthal');
INSERT INTO COLLABORATEUR (COLLA_ID,COL_COLLA_ID,FONCTION_ID,COLLA_ADRESSE1,COLLA_ADRESSE2,COLLA_CP,COLLA_DATE_EMBAUCHE,COLLA_DATE_FIN_CONTRAT,COLLA_MAIL,COLLA_MOBILE,COLLA_NOM,COLLA_PRENOM,COLLA_SEXE,COLLA_STATUT,COLLA_TEL,COLLA_TITRE,COLLA_VILLE) VALUES (5,'1',8,'9650 Ultrices, Rue','null','84138','25/04/2011','26/07/2017','luctus.ipsum.leo@enimconsequatpurus.org','0630477995','Lopez','Julien','M','STA','0504804279','MME','Leffinge');
INSERT INTO COLLABORATEUR (COLLA_ID,COL_COLLA_ID,FONCTION_ID,COLLA_ADRESSE1,COLLA_ADRESSE2,COLLA_CP,COLLA_DATE_EMBAUCHE,COLLA_DATE_FIN_CONTRAT,COLLA_MAIL,COLLA_MOBILE,COLLA_NOM,COLLA_PRENOM,COLLA_SEXE,COLLA_STATUT,COLLA_TEL,COLLA_TITRE,COLLA_VILLE) VALUES (6,'1',1,'981-8262 Nec, Chemin','null','42763','17/03/2015','26/07/2017','at.risus.Nunc@nunc.edu','0792805741','Gautier','Louna','F','STA','0477876931','MLE','Eastbourne');
INSERT INTO COLLABORATEUR (COLLA_ID,COL_COLLA_ID,FONCTION_ID,COLLA_ADRESSE1,COLLA_ADRESSE2,COLLA_CP,COLLA_DATE_EMBAUCHE,COLLA_DATE_FIN_CONTRAT,COLLA_MAIL,COLLA_MOBILE,COLLA_NOM,COLLA_PRENOM,COLLA_SEXE,COLLA_STATUT,COLLA_TEL,COLLA_TITRE,COLLA_VILLE) VALUES (7,'1',11,'193-6439 Interdum Avenue','null','64685','26/06/2007','26/07/2017','sociis@Proin.com','0755190431','Francois','Éloïse','M','CDI','0350380583','MR','Ilesa');
INSERT INTO COLLABORATEUR (COLLA_ID,COL_COLLA_ID,FONCTION_ID,COLLA_ADRESSE1,COLLA_ADRESSE2,COLLA_CP,COLLA_DATE_EMBAUCHE,COLLA_DATE_FIN_CONTRAT,COLLA_MAIL,COLLA_MOBILE,COLLA_NOM,COLLA_PRENOM,COLLA_SEXE,COLLA_STATUT,COLLA_TEL,COLLA_TITRE,COLLA_VILLE) VALUES (8,'1',2,'344-5472 Justo Av.','null','51901','16/10/2002','26/07/2017','Nunc.ac@tortor.com','0749303356','Menard','Ethan','F','CDD','0100169624','MLE','Beringen');
INSERT INTO COLLABORATEUR (COLLA_ID,COL_COLLA_ID,FONCTION_ID,COLLA_ADRESSE1,COLLA_ADRESSE2,COLLA_CP,COLLA_DATE_EMBAUCHE,COLLA_DATE_FIN_CONTRAT,COLLA_MAIL,COLLA_MOBILE,COLLA_NOM,COLLA_PRENOM,COLLA_SEXE,COLLA_STATUT,COLLA_TEL,COLLA_TITRE,COLLA_VILLE) VALUES (9,'1',6,'1658 Sem, Chemin','null','21567','07/07/2010','26/07/2017','tincidunt.adipiscing@aliquetProinvelit.org','0658566209','Dupont','Baptiste','F','CDD','0427771236','MR','Morinville');
INSERT INTO COLLABORATEUR (COLLA_ID,COL_COLLA_ID,FONCTION_ID,COLLA_ADRESSE1,COLLA_ADRESSE2,COLLA_CP,COLLA_DATE_EMBAUCHE,COLLA_DATE_FIN_CONTRAT,COLLA_MAIL,COLLA_MOBILE,COLLA_NOM,COLLA_PRENOM,COLLA_SEXE,COLLA_STATUT,COLLA_TEL,COLLA_TITRE,COLLA_VILLE) VALUES (10,'1',3,'CP 287, 5516 Feugiat Rd.','null','20574','25/06/2006','26/07/2017','ut.cursus@velitin.ca','0697403631','Bernard','Jules','F','CDI','0458348859','MLE','Rovereto');
INSERT INTO COLLABORATEUR (COLLA_ID,COL_COLLA_ID,FONCTION_ID,COLLA_ADRESSE1,COLLA_ADRESSE2,COLLA_CP,COLLA_DATE_EMBAUCHE,COLLA_DATE_FIN_CONTRAT,COLLA_MAIL,COLLA_MOBILE,COLLA_NOM,COLLA_PRENOM,COLLA_SEXE,COLLA_STATUT,COLLA_TEL,COLLA_TITRE,COLLA_VILLE) VALUES (11,'1',11,'7500 Dui, Chemin','null','35621','13/12/2015','26/07/2017','dignissim.pharetra.Nam@odio.ca','0607011342','Duval','Léonard','F','CDI','0105305859','MME','Gudivada');
INSERT INTO COLLABORATEUR (COLLA_ID,COL_COLLA_ID,FONCTION_ID,COLLA_ADRESSE1,COLLA_ADRESSE2,COLLA_CP,COLLA_DATE_EMBAUCHE,COLLA_DATE_FIN_CONTRAT,COLLA_MAIL,COLLA_MOBILE,COLLA_NOM,COLLA_PRENOM,COLLA_SEXE,COLLA_STATUT,COLLA_TEL,COLLA_TITRE,COLLA_VILLE) VALUES (12,'1',10,'CP 617, 7276 Sit Avenue','null','39945','16/10/2002','26/07/2017','Maecenas@dolor.edu','0748480457','Garnier','Lola','F','CDD','0289168970','MLE','Smoky Lake');
INSERT INTO COLLABORATEUR (COLLA_ID,COL_COLLA_ID,FONCTION_ID,COLLA_ADRESSE1,COLLA_ADRESSE2,COLLA_CP,COLLA_DATE_EMBAUCHE,COLLA_DATE_FIN_CONTRAT,COLLA_MAIL,COLLA_MOBILE,COLLA_NOM,COLLA_PRENOM,COLLA_SEXE,COLLA_STATUT,COLLA_TEL,COLLA_TITRE,COLLA_VILLE) VALUES (13,'1',5,'367 Dui Av.','null','83990','12/08/1997','26/07/2017','leo.Vivamus@vitaealiquameros.ca','0770801110','Picard','Marion','M','CDD','0498601618','MME','Vlezenbeek');
INSERT INTO COLLABORATEUR (COLLA_ID,COL_COLLA_ID,FONCTION_ID,COLLA_ADRESSE1,COLLA_ADRESSE2,COLLA_CP,COLLA_DATE_EMBAUCHE,COLLA_DATE_FIN_CONTRAT,COLLA_MAIL,COLLA_MOBILE,COLLA_NOM,COLLA_PRENOM,COLLA_SEXE,COLLA_STATUT,COLLA_TEL,COLLA_TITRE,COLLA_VILLE) VALUES (14,'1',9,'162 Ut Chemin','null','06239','14/02/1998','26/07/2017','dictum.cursus@loremvehicula.ca','0790241051','Deschamps','Diego','M','CDI','0500124131','MR','Treguaco');
INSERT INTO COLLABORATEUR (COLLA_ID,COL_COLLA_ID,FONCTION_ID,COLLA_ADRESSE1,COLLA_ADRESSE2,COLLA_CP,COLLA_DATE_EMBAUCHE,COLLA_DATE_FIN_CONTRAT,COLLA_MAIL,COLLA_MOBILE,COLLA_NOM,COLLA_PRENOM,COLLA_SEXE,COLLA_STATUT,COLLA_TEL,COLLA_TITRE,COLLA_VILLE) VALUES (15,'1',10,'240 Sed Ave','null','32242','28/11/2003','26/07/2017','Phasellus.in.felis@ac.org','0667161273','Brunet','Théo','F','CDD','0231554358','MME','Liévin');
INSERT INTO COLLABORATEUR (COLLA_ID,COL_COLLA_ID,FONCTION_ID,COLLA_ADRESSE1,COLLA_ADRESSE2,COLLA_CP,COLLA_DATE_EMBAUCHE,COLLA_DATE_FIN_CONTRAT,COLLA_MAIL,COLLA_MOBILE,COLLA_NOM,COLLA_PRENOM,COLLA_SEXE,COLLA_STATUT,COLLA_TEL,COLLA_TITRE,COLLA_VILLE) VALUES (16,'1',10,'Appartement 324-3656 Neque Ave','null','80702','19/03/2002','26/07/2017','tellus@Proinvel.edu','0756051322','Brunet','Esteban','F','CDD','0215986106','MR','Develi');
INSERT INTO COLLABORATEUR (COLLA_ID,COL_COLLA_ID,FONCTION_ID,COLLA_ADRESSE1,COLLA_ADRESSE2,COLLA_CP,COLLA_DATE_EMBAUCHE,COLLA_DATE_FIN_CONTRAT,COLLA_MAIL,COLLA_MOBILE,COLLA_NOM,COLLA_PRENOM,COLLA_SEXE,COLLA_STATUT,COLLA_TEL,COLLA_TITRE,COLLA_VILLE) VALUES (17,'1',11,'CP 776, 1486 Ante. Impasse','null','66753','24/01/1999','26/07/2017','enim.mi@nec.co.uk','0773903920','Vasseur','Marwane','F','CDI','0112696790','MME','Indianapolis');
INSERT INTO COLLABORATEUR (COLLA_ID,COL_COLLA_ID,FONCTION_ID,COLLA_ADRESSE1,COLLA_ADRESSE2,COLLA_CP,COLLA_DATE_EMBAUCHE,COLLA_DATE_FIN_CONTRAT,COLLA_MAIL,COLLA_MOBILE,COLLA_NOM,COLLA_PRENOM,COLLA_SEXE,COLLA_STATUT,COLLA_TEL,COLLA_TITRE,COLLA_VILLE) VALUES (18,'1',8,'9975 Euismod Chemin','null','30619','19/03/2006','26/07/2017','interdum.Sed.auctor@et.org','0678256641','Gay','Evan','F','CDD','0598199126','MLE','Hoeilaart');
INSERT INTO COLLABORATEUR (COLLA_ID,COL_COLLA_ID,FONCTION_ID,COLLA_ADRESSE1,COLLA_ADRESSE2,COLLA_CP,COLLA_DATE_EMBAUCHE,COLLA_DATE_FIN_CONTRAT,COLLA_MAIL,COLLA_MOBILE,COLLA_NOM,COLLA_PRENOM,COLLA_SEXE,COLLA_STATUT,COLLA_TEL,COLLA_TITRE,COLLA_VILLE) VALUES (19,'1',9,'648-8207 Maecenas Impasse','null','96422','19/10/2012','26/07/2017','adipiscing.lobortis.risus@natoquepenatibus.co.uk','0783941487','Dumas','Félix','F','CDD','0211284715','MME','Exeter');
INSERT INTO COLLABORATEUR (COLLA_ID,COL_COLLA_ID,FONCTION_ID,COLLA_ADRESSE1,COLLA_ADRESSE2,COLLA_CP,COLLA_DATE_EMBAUCHE,COLLA_DATE_FIN_CONTRAT,COLLA_MAIL,COLLA_MOBILE,COLLA_NOM,COLLA_PRENOM,COLLA_SEXE,COLLA_STATUT,COLLA_TEL,COLLA_TITRE,COLLA_VILLE) VALUES (20,'1',1,'Appartement 725-2397 Augue. Rue','null','77984','13/02/2010','26/07/2017','quam.vel@fames.com','0638868475','Duval','Mathieu','M','CDD','0416009976','MME','Melville');
INSERT INTO COLLABORATEUR (COLLA_ID,COL_COLLA_ID,FONCTION_ID,COLLA_ADRESSE1,COLLA_ADRESSE2,COLLA_CP,COLLA_DATE_EMBAUCHE,COLLA_DATE_FIN_CONTRAT,COLLA_MAIL,COLLA_MOBILE,COLLA_NOM,COLLA_PRENOM,COLLA_SEXE,COLLA_STATUT,COLLA_TEL,COLLA_TITRE,COLLA_VILLE) VALUES (21,'1',7,'Appartement 631-3702 Malesuada. Impasse','null','82659','28/07/2004','26/07/2017','luctus.ipsum.leo@ullamcorperviverraMaecenas.co.uk','0635590804','Roy','Agathe','F','CDD','0150154137','MR','Nakusp');
INSERT INTO COLLABORATEUR (COLLA_ID,COL_COLLA_ID,FONCTION_ID,COLLA_ADRESSE1,COLLA_ADRESSE2,COLLA_CP,COLLA_DATE_EMBAUCHE,COLLA_DATE_FIN_CONTRAT,COLLA_MAIL,COLLA_MOBILE,COLLA_NOM,COLLA_PRENOM,COLLA_SEXE,COLLA_STATUT,COLLA_TEL,COLLA_TITRE,COLLA_VILLE) VALUES (22,'1',7,'CP 523, 2581 Non, Av.','null','81900','31/07/2010','26/07/2017','nunc.ullamcorper.eu@convalliserateget.ca','0604101973','Durand','Romain','M','CDI','0485775394','MR','St. David''s');
INSERT INTO COLLABORATEUR (COLLA_ID,COL_COLLA_ID,FONCTION_ID,COLLA_ADRESSE1,COLLA_ADRESSE2,COLLA_CP,COLLA_DATE_EMBAUCHE,COLLA_DATE_FIN_CONTRAT,COLLA_MAIL,COLLA_MOBILE,COLLA_NOM,COLLA_PRENOM,COLLA_SEXE,COLLA_STATUT,COLLA_TEL,COLLA_TITRE,COLLA_VILLE) VALUES (23,'1',3,'Appartement 230-9099 Faucibus Chemin','null','52667','04/02/1996','26/07/2017','eros.Proin@gravidanuncsed.co.uk','0612906033','Bouvier','Valentine','F','CDI','0301833110','MME','Pergola');
INSERT INTO COLLABORATEUR (COLLA_ID,COL_COLLA_ID,FONCTION_ID,COLLA_ADRESSE1,COLLA_ADRESSE2,COLLA_CP,COLLA_DATE_EMBAUCHE,COLLA_DATE_FIN_CONTRAT,COLLA_MAIL,COLLA_MOBILE,COLLA_NOM,COLLA_PRENOM,COLLA_SEXE,COLLA_STATUT,COLLA_TEL,COLLA_TITRE,COLLA_VILLE) VALUES (24,'1',6,'449-2159 Curabitur Ave','null','88210','19/10/2006','26/07/2017','enim@nonenimMauris.co.uk','0680402356','Huet','Julien','M','CDD','0319454474','MLE','Fort Worth');
INSERT INTO COLLABORATEUR (COLLA_ID,COL_COLLA_ID,FONCTION_ID,COLLA_ADRESSE1,COLLA_ADRESSE2,COLLA_CP,COLLA_DATE_EMBAUCHE,COLLA_DATE_FIN_CONTRAT,COLLA_MAIL,COLLA_MOBILE,COLLA_NOM,COLLA_PRENOM,COLLA_SEXE,COLLA_STATUT,COLLA_TEL,COLLA_TITRE,COLLA_VILLE) VALUES (25,'1',1,'Appartement 386-4849 Egestas. Avenue','null','04583','14/07/2003','26/07/2017','Sed.diam.lorem@interdumenim.co.uk','0699089409','Noel','Ambre','M','STA','0121271524','MLE','Strona');
INSERT INTO COLLABORATEUR (COLLA_ID,COL_COLLA_ID,FONCTION_ID,COLLA_ADRESSE1,COLLA_ADRESSE2,COLLA_CP,COLLA_DATE_EMBAUCHE,COLLA_DATE_FIN_CONTRAT,COLLA_MAIL,COLLA_MOBILE,COLLA_NOM,COLLA_PRENOM,COLLA_SEXE,COLLA_STATUT,COLLA_TEL,COLLA_TITRE,COLLA_VILLE) VALUES (26,'1',4,'Appartement 420-9933 Neque. Impasse','null','63656','10/07/2016','26/07/2017','eu@feugiat.net','0695197416','Marty','Fanny','M','STA','0154474887','MME','Kawawachikamach');
INSERT INTO COLLABORATEUR (COLLA_ID,COL_COLLA_ID,FONCTION_ID,COLLA_ADRESSE1,COLLA_ADRESSE2,COLLA_CP,COLLA_DATE_EMBAUCHE,COLLA_DATE_FIN_CONTRAT,COLLA_MAIL,COLLA_MOBILE,COLLA_NOM,COLLA_PRENOM,COLLA_SEXE,COLLA_STATUT,COLLA_TEL,COLLA_TITRE,COLLA_VILLE) VALUES (27,'1',11,'Appartement 781-6698 Mauris Rd.','null','01416','09/04/1997','26/07/2017','nec.enim.Nunc@rutrumjusto.ca','0733824290','Roy','Adam','F','CDD','0397537052','MME','Vegreville');
INSERT INTO COLLABORATEUR (COLLA_ID,COL_COLLA_ID,FONCTION_ID,COLLA_ADRESSE1,COLLA_ADRESSE2,COLLA_CP,COLLA_DATE_EMBAUCHE,COLLA_DATE_FIN_CONTRAT,COLLA_MAIL,COLLA_MOBILE,COLLA_NOM,COLLA_PRENOM,COLLA_SEXE,COLLA_STATUT,COLLA_TEL,COLLA_TITRE,COLLA_VILLE) VALUES (28,'1',11,'3101 Lectus, Route','null','40241','30/07/2009','26/07/2017','sapien.Nunc.pulvinar@semperrutrum.ca','0644721751','Girard','Carla','F','CDI','0198182575','MLE','Nizip');
INSERT INTO COLLABORATEUR (COLLA_ID,COL_COLLA_ID,FONCTION_ID,COLLA_ADRESSE1,COLLA_ADRESSE2,COLLA_CP,COLLA_DATE_EMBAUCHE,COLLA_DATE_FIN_CONTRAT,COLLA_MAIL,COLLA_MOBILE,COLLA_NOM,COLLA_PRENOM,COLLA_SEXE,COLLA_STATUT,COLLA_TEL,COLLA_TITRE,COLLA_VILLE) VALUES (29,'1',3,'Appartement 307-4844 Pulvinar Rue','null','69220','13/10/2006','26/07/2017','amet.luctus@aliquetvelvulputate.com','0637862884','Gautier','Zoé','M','CDD','0303900847','MLE','Divinópolis');
INSERT INTO COLLABORATEUR (COLLA_ID,COL_COLLA_ID,FONCTION_ID,COLLA_ADRESSE1,COLLA_ADRESSE2,COLLA_CP,COLLA_DATE_EMBAUCHE,COLLA_DATE_FIN_CONTRAT,COLLA_MAIL,COLLA_MOBILE,COLLA_NOM,COLLA_PRENOM,COLLA_SEXE,COLLA_STATUT,COLLA_TEL,COLLA_TITRE,COLLA_VILLE) VALUES (30,'1',9,'CP 948, 2931 Cursus. Chemin','null','37603','18/03/1997','26/07/2017','Lorem.ipsum@lobortis.net','0607434010','Blanc','Martin','M','CDI','0265731849','MLE','Fogliano Redipuglia');
INSERT INTO COLLABORATEUR (COLLA_ID,COL_COLLA_ID,FONCTION_ID,COLLA_ADRESSE1,COLLA_ADRESSE2,COLLA_CP,COLLA_DATE_EMBAUCHE,COLLA_DATE_FIN_CONTRAT,COLLA_MAIL,COLLA_MOBILE,COLLA_NOM,COLLA_PRENOM,COLLA_SEXE,COLLA_STATUT,COLLA_TEL,COLLA_TITRE,COLLA_VILLE) VALUES (31,'1',9,'CP 345, 1128 Mi Avenue','null','69824','25/03/1995','26/07/2017','velit@purus.net','0675632728','Lucas','Alicia','M','STA','0559674746','MME','Mottola');
INSERT INTO COLLABORATEUR (COLLA_ID,COL_COLLA_ID,FONCTION_ID,COLLA_ADRESSE1,COLLA_ADRESSE2,COLLA_CP,COLLA_DATE_EMBAUCHE,COLLA_DATE_FIN_CONTRAT,COLLA_MAIL,COLLA_MOBILE,COLLA_NOM,COLLA_PRENOM,COLLA_SEXE,COLLA_STATUT,COLLA_TEL,COLLA_TITRE,COLLA_VILLE) VALUES (32,'1',11,'Appartement 623-7420 Laoreet Rue','null','60520','09/11/2014','26/07/2017','quam.vel.sapien@mollisneccursus.edu','0739206381','Masson','Killian','M','CDD','0252859774','MME','Sittard');
INSERT INTO COLLABORATEUR (COLLA_ID,COL_COLLA_ID,FONCTION_ID,COLLA_ADRESSE1,COLLA_ADRESSE2,COLLA_CP,COLLA_DATE_EMBAUCHE,COLLA_DATE_FIN_CONTRAT,COLLA_MAIL,COLLA_MOBILE,COLLA_NOM,COLLA_PRENOM,COLLA_SEXE,COLLA_STATUT,COLLA_TEL,COLLA_TITRE,COLLA_VILLE) VALUES (33,'1',5,'5403 Mauris Av.','null','98995','22/06/2014','26/07/2017','parturient.montes.nascetur@nunc.com','0706884856','Rodriguez','Thomas','M','CDD','0291348745','MME','Pulderbos');
INSERT INTO COLLABORATEUR (COLLA_ID,COL_COLLA_ID,FONCTION_ID,COLLA_ADRESSE1,COLLA_ADRESSE2,COLLA_CP,COLLA_DATE_EMBAUCHE,COLLA_DATE_FIN_CONTRAT,COLLA_MAIL,COLLA_MOBILE,COLLA_NOM,COLLA_PRENOM,COLLA_SEXE,COLLA_STATUT,COLLA_TEL,COLLA_TITRE,COLLA_VILLE) VALUES (34,'1',8,'Appartement 129-2175 Mauris Impasse','null','36698','09/07/2005','26/07/2017','mollis@In.com','0641987754','Millet','Guillaume','M','STA','0427929567','MLE','Chiari');
INSERT INTO COLLABORATEUR (COLLA_ID,COL_COLLA_ID,FONCTION_ID,COLLA_ADRESSE1,COLLA_ADRESSE2,COLLA_CP,COLLA_DATE_EMBAUCHE,COLLA_DATE_FIN_CONTRAT,COLLA_MAIL,COLLA_MOBILE,COLLA_NOM,COLLA_PRENOM,COLLA_SEXE,COLLA_STATUT,COLLA_TEL,COLLA_TITRE,COLLA_VILLE) VALUES (35,'1',6,'Appartement 839-3452 Nullam Rue','null','45729','15/05/1995','26/07/2017','enim.Etiam@laciniavitae.edu','0685107576','Breton','Lola','M','STA','0292377580','MR','Ulloa (Barrial)');
INSERT INTO COLLABORATEUR (COLLA_ID,COL_COLLA_ID,FONCTION_ID,COLLA_ADRESSE1,COLLA_ADRESSE2,COLLA_CP,COLLA_DATE_EMBAUCHE,COLLA_DATE_FIN_CONTRAT,COLLA_MAIL,COLLA_MOBILE,COLLA_NOM,COLLA_PRENOM,COLLA_SEXE,COLLA_STATUT,COLLA_TEL,COLLA_TITRE,COLLA_VILLE) VALUES (36,'1',7,'CP 589, 1128 Ultricies Av.','null','46415','26/09/2004','26/07/2017','fermentum.risus.at@sem.net','0783840649','Garnier','Esteban','M','STA','0471582225','MR','Isle-aux-Coudres');
INSERT INTO COLLABORATEUR (COLLA_ID,COL_COLLA_ID,FONCTION_ID,COLLA_ADRESSE1,COLLA_ADRESSE2,COLLA_CP,COLLA_DATE_EMBAUCHE,COLLA_DATE_FIN_CONTRAT,COLLA_MAIL,COLLA_MOBILE,COLLA_NOM,COLLA_PRENOM,COLLA_SEXE,COLLA_STATUT,COLLA_TEL,COLLA_TITRE,COLLA_VILLE) VALUES (37,'1',8,'5904 Elit. Avenue','null','05092','24/03/2016','26/07/2017','est@orci.com','0630714814','Durand','Cédric','M','CDD','0184943094','MME','New Glasgow');
INSERT INTO COLLABORATEUR (COLLA_ID,COL_COLLA_ID,FONCTION_ID,COLLA_ADRESSE1,COLLA_ADRESSE2,COLLA_CP,COLLA_DATE_EMBAUCHE,COLLA_DATE_FIN_CONTRAT,COLLA_MAIL,COLLA_MOBILE,COLLA_NOM,COLLA_PRENOM,COLLA_SEXE,COLLA_STATUT,COLLA_TEL,COLLA_TITRE,COLLA_VILLE) VALUES (38,'1',1,'352-1757 Est Rd.','null','90379','04/11/2006','26/07/2017','lacus.vestibulum.lorem@euismodacfermentum.edu','0655468838','Renaud','Louis','F','CDD','0457949412','MME','Thorembais-Saint-Trond');
INSERT INTO COLLABORATEUR (COLLA_ID,COL_COLLA_ID,FONCTION_ID,COLLA_ADRESSE1,COLLA_ADRESSE2,COLLA_CP,COLLA_DATE_EMBAUCHE,COLLA_DATE_FIN_CONTRAT,COLLA_MAIL,COLLA_MOBILE,COLLA_NOM,COLLA_PRENOM,COLLA_SEXE,COLLA_STATUT,COLLA_TEL,COLLA_TITRE,COLLA_VILLE) VALUES (39,'1',7,'Appartement 545-1767 Cursus Ave','null','54628','26/02/1996','26/07/2017','adipiscing.elit.Etiam@euismod.com','0623654570','Gautier','Louise','F','CDD','0239992498','MME','Thirimont');
INSERT INTO COLLABORATEUR (COLLA_ID,COL_COLLA_ID,FONCTION_ID,COLLA_ADRESSE1,COLLA_ADRESSE2,COLLA_CP,COLLA_DATE_EMBAUCHE,COLLA_DATE_FIN_CONTRAT,COLLA_MAIL,COLLA_MOBILE,COLLA_NOM,COLLA_PRENOM,COLLA_SEXE,COLLA_STATUT,COLLA_TEL,COLLA_TITRE,COLLA_VILLE) VALUES (40,'1',6,'CP 120, 5412 Mauris Ave','null','18646','02/11/2007','26/07/2017','eget@Vestibulum.org','0629121920','Leroux','Océane','M','CDD','0585926577','MR','Owensboro');
INSERT INTO COLLABORATEUR (COLLA_ID,COL_COLLA_ID,FONCTION_ID,COLLA_ADRESSE1,COLLA_ADRESSE2,COLLA_CP,COLLA_DATE_EMBAUCHE,COLLA_DATE_FIN_CONTRAT,COLLA_MAIL,COLLA_MOBILE,COLLA_NOM,COLLA_PRENOM,COLLA_SEXE,COLLA_STATUT,COLLA_TEL,COLLA_TITRE,COLLA_VILLE) VALUES (41,'1',6,'875-7392 Nulla Av.','null','08276','26/05/2009','26/07/2017','pellentesque@Suspendisse.edu','0734186097','Etienne','Emma','F','CDD','0275647647','MR','Cles');
INSERT INTO COLLABORATEUR (COLLA_ID,COL_COLLA_ID,FONCTION_ID,COLLA_ADRESSE1,COLLA_ADRESSE2,COLLA_CP,COLLA_DATE_EMBAUCHE,COLLA_DATE_FIN_CONTRAT,COLLA_MAIL,COLLA_MOBILE,COLLA_NOM,COLLA_PRENOM,COLLA_SEXE,COLLA_STATUT,COLLA_TEL,COLLA_TITRE,COLLA_VILLE) VALUES (42,'1',7,'3802 Nam Chemin','null','07612','09/05/2010','26/07/2017','lobortis.Class@mollisDuissit.net','0746877444','Perez','Zoé','F','STA','0111978153','MR','Orta San Giulio');
INSERT INTO COLLABORATEUR (COLLA_ID,COL_COLLA_ID,FONCTION_ID,COLLA_ADRESSE1,COLLA_ADRESSE2,COLLA_CP,COLLA_DATE_EMBAUCHE,COLLA_DATE_FIN_CONTRAT,COLLA_MAIL,COLLA_MOBILE,COLLA_NOM,COLLA_PRENOM,COLLA_SEXE,COLLA_STATUT,COLLA_TEL,COLLA_TITRE,COLLA_VILLE) VALUES (43,'1',8,'CP 794, 2674 Iaculis Av.','null','70411','21/04/2008','26/07/2017','blandit.at.nisi@eleifendnec.net','0608146444','Arnaud','Romane','M','STA','0272699085','MR','Villers-lez-Heest');
INSERT INTO COLLABORATEUR (COLLA_ID,COL_COLLA_ID,FONCTION_ID,COLLA_ADRESSE1,COLLA_ADRESSE2,COLLA_CP,COLLA_DATE_EMBAUCHE,COLLA_DATE_FIN_CONTRAT,COLLA_MAIL,COLLA_MOBILE,COLLA_NOM,COLLA_PRENOM,COLLA_SEXE,COLLA_STATUT,COLLA_TEL,COLLA_TITRE,COLLA_VILLE) VALUES (44,'1',11,'152-9693 A, Avenue','null','79816','07/10/1997','26/07/2017','sem.egestas.blandit@leoCrasvehicula.co.uk','0716353256','Vasseur','Lou','M','STA','0528052336','MME','Ternat');
INSERT INTO COLLABORATEUR (COLLA_ID,COL_COLLA_ID,FONCTION_ID,COLLA_ADRESSE1,COLLA_ADRESSE2,COLLA_CP,COLLA_DATE_EMBAUCHE,COLLA_DATE_FIN_CONTRAT,COLLA_MAIL,COLLA_MOBILE,COLLA_NOM,COLLA_PRENOM,COLLA_SEXE,COLLA_STATUT,COLLA_TEL,COLLA_TITRE,COLLA_VILLE) VALUES (45,'1',8,'Appartement 859-265 Aliquet Rue','null','29064','09/07/2013','26/07/2017','sem@vitaeorciPhasellus.co.uk','0770042053','Maillard','Françoise','M','CDI','0320845617','MME','Newmarket');
INSERT INTO COLLABORATEUR (COLLA_ID,COL_COLLA_ID,FONCTION_ID,COLLA_ADRESSE1,COLLA_ADRESSE2,COLLA_CP,COLLA_DATE_EMBAUCHE,COLLA_DATE_FIN_CONTRAT,COLLA_MAIL,COLLA_MOBILE,COLLA_NOM,COLLA_PRENOM,COLLA_SEXE,COLLA_STATUT,COLLA_TEL,COLLA_TITRE,COLLA_VILLE) VALUES (46,'1',3,'Appartement 391-7503 Ullamcorper, Av.','null','71871','17/06/2016','26/07/2017','est.ac.facilisis@acfacilisisfacilisis.net','0695277850','Pasquier','Carla','F','CDI','0141406408','MR','Rockville');
INSERT INTO COLLABORATEUR (COLLA_ID,COL_COLLA_ID,FONCTION_ID,COLLA_ADRESSE1,COLLA_ADRESSE2,COLLA_CP,COLLA_DATE_EMBAUCHE,COLLA_DATE_FIN_CONTRAT,COLLA_MAIL,COLLA_MOBILE,COLLA_NOM,COLLA_PRENOM,COLLA_SEXE,COLLA_STATUT,COLLA_TEL,COLLA_TITRE,COLLA_VILLE) VALUES (47,'1',2,'326-243 Sapien. Ave','null','02440','18/03/2000','26/07/2017','interdum.libero@ipsumPhasellusvitae.org','0621776890','Lefebvre','Mathilde','M','CDI','0236965681','MLE','Ortonovo');
INSERT INTO COLLABORATEUR (COLLA_ID,COL_COLLA_ID,FONCTION_ID,COLLA_ADRESSE1,COLLA_ADRESSE2,COLLA_CP,COLLA_DATE_EMBAUCHE,COLLA_DATE_FIN_CONTRAT,COLLA_MAIL,COLLA_MOBILE,COLLA_NOM,COLLA_PRENOM,COLLA_SEXE,COLLA_STATUT,COLLA_TEL,COLLA_TITRE,COLLA_VILLE) VALUES (48,'1',2,'Appartement 802-9400 Quisque Av.','null','06116','27/09/2006','26/07/2017','nibh.vulputate.mauris@loremvehiculaet.ca','0793785807','Roy','Arthur','F','CDI','0454093987','MR','Owen Sound');
INSERT INTO COLLABORATEUR (COLLA_ID,COL_COLLA_ID,FONCTION_ID,COLLA_ADRESSE1,COLLA_ADRESSE2,COLLA_CP,COLLA_DATE_EMBAUCHE,COLLA_DATE_FIN_CONTRAT,COLLA_MAIL,COLLA_MOBILE,COLLA_NOM,COLLA_PRENOM,COLLA_SEXE,COLLA_STATUT,COLLA_TEL,COLLA_TITRE,COLLA_VILLE) VALUES (49,'1',4,'433-8351 Cursus. Avenue','null','71776','14/03/2013','26/07/2017','id.sapien@necmollis.org','0685240962','Roussel','Loane','F','STA','0309746164','MLE','Rotem');
INSERT INTO COLLABORATEUR (COLLA_ID,COL_COLLA_ID,FONCTION_ID,COLLA_ADRESSE1,COLLA_ADRESSE2,COLLA_CP,COLLA_DATE_EMBAUCHE,COLLA_DATE_FIN_CONTRAT,COLLA_MAIL,COLLA_MOBILE,COLLA_NOM,COLLA_PRENOM,COLLA_SEXE,COLLA_STATUT,COLLA_TEL,COLLA_TITRE,COLLA_VILLE) VALUES (50,'1',2,'Appartement 953-5723 Suscipit Ave','null','95676','08/02/2012','26/07/2017','non@lobortisnisi.edu','0656676404','Fabre','Guillaume','F','CDI','0479862549','MME','Orciano Pisano');
INSERT INTO COLLABORATEUR (COLLA_ID,COL_COLLA_ID,FONCTION_ID,COLLA_ADRESSE1,COLLA_ADRESSE2,COLLA_CP,COLLA_DATE_EMBAUCHE,COLLA_DATE_FIN_CONTRAT,COLLA_MAIL,COLLA_MOBILE,COLLA_NOM,COLLA_PRENOM,COLLA_SEXE,COLLA_STATUT,COLLA_TEL,COLLA_TITRE,COLLA_VILLE) VALUES (51,'1',9,'Appartement 944-2802 A Av.','null','59506','07/08/2003','26/07/2017','neque@dignissimMaecenasornare.com','0754590041','Jean','Océane','M','CDD','0170161765','MR','Val Rezzo');
INSERT INTO COLLABORATEUR (COLLA_ID,COL_COLLA_ID,FONCTION_ID,COLLA_ADRESSE1,COLLA_ADRESSE2,COLLA_CP,COLLA_DATE_EMBAUCHE,COLLA_DATE_FIN_CONTRAT,COLLA_MAIL,COLLA_MOBILE,COLLA_NOM,COLLA_PRENOM,COLLA_SEXE,COLLA_STATUT,COLLA_TEL,COLLA_TITRE,COLLA_VILLE) VALUES (52,'1',8,'952-403 Commodo Route','null','76977','09/09/2006','26/07/2017','mi@Integer.edu','0715702340','Denis','Rosalie','M','CDD','0482998954','MME','Episcopia');
INSERT INTO COLLABORATEUR (COLLA_ID,COL_COLLA_ID,FONCTION_ID,COLLA_ADRESSE1,COLLA_ADRESSE2,COLLA_CP,COLLA_DATE_EMBAUCHE,COLLA_DATE_FIN_CONTRAT,COLLA_MAIL,COLLA_MOBILE,COLLA_NOM,COLLA_PRENOM,COLLA_SEXE,COLLA_STATUT,COLLA_TEL,COLLA_TITRE,COLLA_VILLE) VALUES (53,'1',5,'642-9919 Adipiscing Ave','null','13634','24/11/2000','26/07/2017','natoque.penatibus.et@nequeMorbi.edu','0611755679','Louis','Florian','M','CDI','0275714911','MME','San Lorenzo');
INSERT INTO COLLABORATEUR (COLLA_ID,COL_COLLA_ID,FONCTION_ID,COLLA_ADRESSE1,COLLA_ADRESSE2,COLLA_CP,COLLA_DATE_EMBAUCHE,COLLA_DATE_FIN_CONTRAT,COLLA_MAIL,COLLA_MOBILE,COLLA_NOM,COLLA_PRENOM,COLLA_SEXE,COLLA_STATUT,COLLA_TEL,COLLA_TITRE,COLLA_VILLE) VALUES (54,'1',3,'CP 324, 457 A, Route','null','26054','05/03/2011','26/07/2017','nisi.a@liberoatauctor.net','0690410743','Lecomte','Théo','M','CDI','0143015568','MLE','Alma');
INSERT INTO COLLABORATEUR (COLLA_ID,COL_COLLA_ID,FONCTION_ID,COLLA_ADRESSE1,COLLA_ADRESSE2,COLLA_CP,COLLA_DATE_EMBAUCHE,COLLA_DATE_FIN_CONTRAT,COLLA_MAIL,COLLA_MOBILE,COLLA_NOM,COLLA_PRENOM,COLLA_SEXE,COLLA_STATUT,COLLA_TEL,COLLA_TITRE,COLLA_VILLE) VALUES (55,'1',2,'Appartement 474-5563 Ac Avenue','null','57414','11/11/1998','26/07/2017','mauris.id.sapien@elementumloremut.com','0712498927','Adam','Léane','F','STA','0160919456','MME','Vagli Sotto');
INSERT INTO COLLABORATEUR (COLLA_ID,COL_COLLA_ID,FONCTION_ID,COLLA_ADRESSE1,COLLA_ADRESSE2,COLLA_CP,COLLA_DATE_EMBAUCHE,COLLA_DATE_FIN_CONTRAT,COLLA_MAIL,COLLA_MOBILE,COLLA_NOM,COLLA_PRENOM,COLLA_SEXE,COLLA_STATUT,COLLA_TEL,COLLA_TITRE,COLLA_VILLE) VALUES (56,'1',10,'Appartement 714-7320 Cum Route','null','45759','13/07/2002','26/07/2017','amet@etmagnis.edu','0741067297','Durand','Alexandre','M','CDI','0374472221','MME','Bassano in Teverina');
INSERT INTO COLLABORATEUR (COLLA_ID,COL_COLLA_ID,FONCTION_ID,COLLA_ADRESSE1,COLLA_ADRESSE2,COLLA_CP,COLLA_DATE_EMBAUCHE,COLLA_DATE_FIN_CONTRAT,COLLA_MAIL,COLLA_MOBILE,COLLA_NOM,COLLA_PRENOM,COLLA_SEXE,COLLA_STATUT,COLLA_TEL,COLLA_TITRE,COLLA_VILLE) VALUES (57,'1',11,'CP 339, 3248 Magna. Rue','null','57324','10/01/2009','26/07/2017','non.quam@tinciduntnuncac.org','0664130821','Lemaire','Justine','M','CDI','0445332990','MLE','Trollhättan');
INSERT INTO COLLABORATEUR (COLLA_ID,COL_COLLA_ID,FONCTION_ID,COLLA_ADRESSE1,COLLA_ADRESSE2,COLLA_CP,COLLA_DATE_EMBAUCHE,COLLA_DATE_FIN_CONTRAT,COLLA_MAIL,COLLA_MOBILE,COLLA_NOM,COLLA_PRENOM,COLLA_SEXE,COLLA_STATUT,COLLA_TEL,COLLA_TITRE,COLLA_VILLE) VALUES (58,'1',6,'Appartement 525-7952 Metus Rue','null','16531','15/12/2004','26/07/2017','a@Quisque.edu','0777992768','Rousseau','Clémence','F','CDI','0285974583','MME','Hamme');
INSERT INTO COLLABORATEUR (COLLA_ID,COL_COLLA_ID,FONCTION_ID,COLLA_ADRESSE1,COLLA_ADRESSE2,COLLA_CP,COLLA_DATE_EMBAUCHE,COLLA_DATE_FIN_CONTRAT,COLLA_MAIL,COLLA_MOBILE,COLLA_NOM,COLLA_PRENOM,COLLA_SEXE,COLLA_STATUT,COLLA_TEL,COLLA_TITRE,COLLA_VILLE) VALUES (59,'1',9,'5671 Aenean Route','null','09408','20/10/2015','26/07/2017','consectetuer.adipiscing@interdum.co.uk','0685434032','Benoit','Éléna','M','STA','0101898356','MME','Villata');
INSERT INTO COLLABORATEUR (COLLA_ID,COL_COLLA_ID,FONCTION_ID,COLLA_ADRESSE1,COLLA_ADRESSE2,COLLA_CP,COLLA_DATE_EMBAUCHE,COLLA_DATE_FIN_CONTRAT,COLLA_MAIL,COLLA_MOBILE,COLLA_NOM,COLLA_PRENOM,COLLA_SEXE,COLLA_STATUT,COLLA_TEL,COLLA_TITRE,COLLA_VILLE) VALUES (60,'1',7,'664-8803 Mauris Ave','null','35595','12/12/1995','26/07/2017','elit.pharetra.ut@euismodmauriseu.net','0771090545','Vincent','Baptiste','M','STA','0425806718','MR','North Battleford');
INSERT INTO COLLABORATEUR (COLLA_ID,COL_COLLA_ID,FONCTION_ID,COLLA_ADRESSE1,COLLA_ADRESSE2,COLLA_CP,COLLA_DATE_EMBAUCHE,COLLA_DATE_FIN_CONTRAT,COLLA_MAIL,COLLA_MOBILE,COLLA_NOM,COLLA_PRENOM,COLLA_SEXE,COLLA_STATUT,COLLA_TEL,COLLA_TITRE,COLLA_VILLE) VALUES (61,'1',4,'Appartement 673-7518 Vitae Avenue','null','01433','07/12/2004','26/07/2017','est.Mauris@sodalesMauris.com','0700169091','Gay','Timothée','F','CDD','0198366979','MLE','Wellington');
INSERT INTO COLLABORATEUR (COLLA_ID,COL_COLLA_ID,FONCTION_ID,COLLA_ADRESSE1,COLLA_ADRESSE2,COLLA_CP,COLLA_DATE_EMBAUCHE,COLLA_DATE_FIN_CONTRAT,COLLA_MAIL,COLLA_MOBILE,COLLA_NOM,COLLA_PRENOM,COLLA_SEXE,COLLA_STATUT,COLLA_TEL,COLLA_TITRE,COLLA_VILLE) VALUES (62,'1',9,'231-3524 Ac Av.','null','82488','24/02/2014','26/07/2017','lacinia.Sed.congue@temporest.org','0601844008','Fabre','Mélanie','M','CDD','0502929077','MLE','Cañete');
INSERT INTO COLLABORATEUR (COLLA_ID,COL_COLLA_ID,FONCTION_ID,COLLA_ADRESSE1,COLLA_ADRESSE2,COLLA_CP,COLLA_DATE_EMBAUCHE,COLLA_DATE_FIN_CONTRAT,COLLA_MAIL,COLLA_MOBILE,COLLA_NOM,COLLA_PRENOM,COLLA_SEXE,COLLA_STATUT,COLLA_TEL,COLLA_TITRE,COLLA_VILLE) VALUES (63,'1',6,'Appartement 718-5586 Viverra. Rue','null','77896','11/06/1999','26/07/2017','Nam@Morbi.ca','0615620456','Vasseur','Kimberley','M','CDD','0107188686','MME','Prince Albert');
INSERT INTO COLLABORATEUR (COLLA_ID,COL_COLLA_ID,FONCTION_ID,COLLA_ADRESSE1,COLLA_ADRESSE2,COLLA_CP,COLLA_DATE_EMBAUCHE,COLLA_DATE_FIN_CONTRAT,COLLA_MAIL,COLLA_MOBILE,COLLA_NOM,COLLA_PRENOM,COLLA_SEXE,COLLA_STATUT,COLLA_TEL,COLLA_TITRE,COLLA_VILLE) VALUES (64,'1',8,'CP 581, 8503 Eros Chemin','null','84809','14/06/2003','26/07/2017','vitae.sodales@ligulaAeneaneuismod.org','0779478641','Lacroix','Roméo','F','CDI','0215444951','MLE','Blaenau Ffestiniog');
INSERT INTO COLLABORATEUR (COLLA_ID,COL_COLLA_ID,FONCTION_ID,COLLA_ADRESSE1,COLLA_ADRESSE2,COLLA_CP,COLLA_DATE_EMBAUCHE,COLLA_DATE_FIN_CONTRAT,COLLA_MAIL,COLLA_MOBILE,COLLA_NOM,COLLA_PRENOM,COLLA_SEXE,COLLA_STATUT,COLLA_TEL,COLLA_TITRE,COLLA_VILLE) VALUES (65,'1',8,'Appartement 105-2563 Et, Ave','null','04932','25/10/1998','26/07/2017','nec.luctus@odio.org','0671926627','Renaud','Léo','F','STA','0299680971','MLE','Fayetteville');
INSERT INTO COLLABORATEUR (COLLA_ID,COL_COLLA_ID,FONCTION_ID,COLLA_ADRESSE1,COLLA_ADRESSE2,COLLA_CP,COLLA_DATE_EMBAUCHE,COLLA_DATE_FIN_CONTRAT,COLLA_MAIL,COLLA_MOBILE,COLLA_NOM,COLLA_PRENOM,COLLA_SEXE,COLLA_STATUT,COLLA_TEL,COLLA_TITRE,COLLA_VILLE) VALUES (66,'1',10,'1914 Tincidunt, Avenue','null','52159','08/06/1997','26/07/2017','natoque.penatibus.et@loremeget.com','0769540613','Collin','Éloïse','F','CDI','0206602830','MR','La Higuera');
INSERT INTO COLLABORATEUR (COLLA_ID,COL_COLLA_ID,FONCTION_ID,COLLA_ADRESSE1,COLLA_ADRESSE2,COLLA_CP,COLLA_DATE_EMBAUCHE,COLLA_DATE_FIN_CONTRAT,COLLA_MAIL,COLLA_MOBILE,COLLA_NOM,COLLA_PRENOM,COLLA_SEXE,COLLA_STATUT,COLLA_TEL,COLLA_TITRE,COLLA_VILLE) VALUES (67,'1',1,'537-1187 Molestie Chemin','null','29895','24/12/2001','26/07/2017','odio.semper@lectus.co.uk','0746562825','Lefebvre','Bienvenue','M','CDD','0269823837','MME','Glendale');
INSERT INTO COLLABORATEUR (COLLA_ID,COL_COLLA_ID,FONCTION_ID,COLLA_ADRESSE1,COLLA_ADRESSE2,COLLA_CP,COLLA_DATE_EMBAUCHE,COLLA_DATE_FIN_CONTRAT,COLLA_MAIL,COLLA_MOBILE,COLLA_NOM,COLLA_PRENOM,COLLA_SEXE,COLLA_STATUT,COLLA_TEL,COLLA_TITRE,COLLA_VILLE) VALUES (68,'1',2,'CP 955, 2468 Pellentesque Rd.','null','15972','16/07/2001','26/07/2017','volutpat.Nulla@litora.ca','0699506439','Lemoine','Alice','F','CDD','0381278944','MLE','Cork');
INSERT INTO COLLABORATEUR (COLLA_ID,COL_COLLA_ID,FONCTION_ID,COLLA_ADRESSE1,COLLA_ADRESSE2,COLLA_CP,COLLA_DATE_EMBAUCHE,COLLA_DATE_FIN_CONTRAT,COLLA_MAIL,COLLA_MOBILE,COLLA_NOM,COLLA_PRENOM,COLLA_SEXE,COLLA_STATUT,COLLA_TEL,COLLA_TITRE,COLLA_VILLE) VALUES (69,'1',5,'762-6066 Imperdiet Ave','null','96562','25/10/1998','26/07/2017','neque@malesuadaaugueut.com','0717247806','Marty','Simon','M','STA','0161208553','MME','Olympia');
INSERT INTO COLLABORATEUR (COLLA_ID,COL_COLLA_ID,FONCTION_ID,COLLA_ADRESSE1,COLLA_ADRESSE2,COLLA_CP,COLLA_DATE_EMBAUCHE,COLLA_DATE_FIN_CONTRAT,COLLA_MAIL,COLLA_MOBILE,COLLA_NOM,COLLA_PRENOM,COLLA_SEXE,COLLA_STATUT,COLLA_TEL,COLLA_TITRE,COLLA_VILLE) VALUES (70,'1',6,'4685 Ornare, Rue','null','88422','18/08/2012','26/07/2017','Suspendisse.commodo@Fuscealiquam.ca','0722235344','Boyer','Maelys','M','CDI','0466390635','MR','Sant''Agata sul Santerno');
INSERT INTO COLLABORATEUR (COLLA_ID,COL_COLLA_ID,FONCTION_ID,COLLA_ADRESSE1,COLLA_ADRESSE2,COLLA_CP,COLLA_DATE_EMBAUCHE,COLLA_DATE_FIN_CONTRAT,COLLA_MAIL,COLLA_MOBILE,COLLA_NOM,COLLA_PRENOM,COLLA_SEXE,COLLA_STATUT,COLLA_TEL,COLLA_TITRE,COLLA_VILLE) VALUES (71,'1',3,'184-3801 Pede Ave','null','89930','18/09/2007','26/07/2017','Curabitur.egestas@ornaresagittisfelis.net','0606105233','Richard','Louna','M','STA','0483666128','MR','Sivry-Rance');
INSERT INTO COLLABORATEUR (COLLA_ID,COL_COLLA_ID,FONCTION_ID,COLLA_ADRESSE1,COLLA_ADRESSE2,COLLA_CP,COLLA_DATE_EMBAUCHE,COLLA_DATE_FIN_CONTRAT,COLLA_MAIL,COLLA_MOBILE,COLLA_NOM,COLLA_PRENOM,COLLA_SEXE,COLLA_STATUT,COLLA_TEL,COLLA_TITRE,COLLA_VILLE) VALUES (72,'1',4,'CP 370, 6759 Felis Ave','null','95505','19/08/2007','26/07/2017','Phasellus.elit.pede@enimNuncut.ca','0770290284','Poirier','Yohan','M','STA','0181290255','MLE','Lakeland County');
INSERT INTO COLLABORATEUR (COLLA_ID,COL_COLLA_ID,FONCTION_ID,COLLA_ADRESSE1,COLLA_ADRESSE2,COLLA_CP,COLLA_DATE_EMBAUCHE,COLLA_DATE_FIN_CONTRAT,COLLA_MAIL,COLLA_MOBILE,COLLA_NOM,COLLA_PRENOM,COLLA_SEXE,COLLA_STATUT,COLLA_TEL,COLLA_TITRE,COLLA_VILLE) VALUES (73,'1',3,'7091 Non, Route','null','39230','14/06/2008','26/07/2017','neque.non@Maecenas.co.uk','0711050877','Noel','Capucine','M','CDD','0384074217','MLE','Poviglio');
INSERT INTO COLLABORATEUR (COLLA_ID,COL_COLLA_ID,FONCTION_ID,COLLA_ADRESSE1,COLLA_ADRESSE2,COLLA_CP,COLLA_DATE_EMBAUCHE,COLLA_DATE_FIN_CONTRAT,COLLA_MAIL,COLLA_MOBILE,COLLA_NOM,COLLA_PRENOM,COLLA_SEXE,COLLA_STATUT,COLLA_TEL,COLLA_TITRE,COLLA_VILLE) VALUES (74,'1',8,'524-3672 Consectetuer Impasse','null','76310','17/01/1997','26/07/2017','mi.Duis.risus@fermentumconvallisligula.edu','0698008416','Simon','Lola','F','STA','0105057628','MME','Nieuwerkerken');
INSERT INTO COLLABORATEUR (COLLA_ID,COL_COLLA_ID,FONCTION_ID,COLLA_ADRESSE1,COLLA_ADRESSE2,COLLA_CP,COLLA_DATE_EMBAUCHE,COLLA_DATE_FIN_CONTRAT,COLLA_MAIL,COLLA_MOBILE,COLLA_NOM,COLLA_PRENOM,COLLA_SEXE,COLLA_STATUT,COLLA_TEL,COLLA_TITRE,COLLA_VILLE) VALUES (75,'1',2,'9557 Nullam Av.','null','45654','03/05/1996','26/07/2017','a.feugiat@diam.com','0621122704','Etienne','Erwan','F','CDI','0463100917','MME','Rhemes-Notre-Dame');
INSERT INTO COLLABORATEUR (COLLA_ID,COL_COLLA_ID,FONCTION_ID,COLLA_ADRESSE1,COLLA_ADRESSE2,COLLA_CP,COLLA_DATE_EMBAUCHE,COLLA_DATE_FIN_CONTRAT,COLLA_MAIL,COLLA_MOBILE,COLLA_NOM,COLLA_PRENOM,COLLA_SEXE,COLLA_STATUT,COLLA_TEL,COLLA_TITRE,COLLA_VILLE) VALUES (76,'1',11,'Appartement 719-1047 Pede, Route','null','59285','31/07/2005','26/07/2017','nec.leo@et.edu','0654251807','Lopez','Candice','M','STA','0104875868','MLE','Kamarhati');
INSERT INTO COLLABORATEUR (COLLA_ID,COL_COLLA_ID,FONCTION_ID,COLLA_ADRESSE1,COLLA_ADRESSE2,COLLA_CP,COLLA_DATE_EMBAUCHE,COLLA_DATE_FIN_CONTRAT,COLLA_MAIL,COLLA_MOBILE,COLLA_NOM,COLLA_PRENOM,COLLA_SEXE,COLLA_STATUT,COLLA_TEL,COLLA_TITRE,COLLA_VILLE) VALUES (77,'1',10,'832-5867 Leo. Impasse','null','69511','13/10/2015','26/07/2017','ut@Quisqueporttitoreros.net','0741718043','Barre','Agathe','F','CDD','0513802818','MR','Appelterre-Eichem');
INSERT INTO COLLABORATEUR (COLLA_ID,COL_COLLA_ID,FONCTION_ID,COLLA_ADRESSE1,COLLA_ADRESSE2,COLLA_CP,COLLA_DATE_EMBAUCHE,COLLA_DATE_FIN_CONTRAT,COLLA_MAIL,COLLA_MOBILE,COLLA_NOM,COLLA_PRENOM,COLLA_SEXE,COLLA_STATUT,COLLA_TEL,COLLA_TITRE,COLLA_VILLE) VALUES (78,'1',5,'Appartement 126-8423 Tellus Route','null','71407','24/11/2013','26/07/2017','fringilla.euismod@ut.com','0605312956','Leveque','Jade','F','CDD','0345643328','MME','Llaillay');
INSERT INTO COLLABORATEUR (COLLA_ID,COL_COLLA_ID,FONCTION_ID,COLLA_ADRESSE1,COLLA_ADRESSE2,COLLA_CP,COLLA_DATE_EMBAUCHE,COLLA_DATE_FIN_CONTRAT,COLLA_MAIL,COLLA_MOBILE,COLLA_NOM,COLLA_PRENOM,COLLA_SEXE,COLLA_STATUT,COLLA_TEL,COLLA_TITRE,COLLA_VILLE) VALUES (79,'1',4,'787-2460 Dictum Avenue','null','99118','16/06/1998','26/07/2017','Nunc.ut.erat@lacus.com','0619052209','Brunet','Salomé','F','CDD','0143956251','MME','Saint-Pierre');
INSERT INTO COLLABORATEUR (COLLA_ID,COL_COLLA_ID,FONCTION_ID,COLLA_ADRESSE1,COLLA_ADRESSE2,COLLA_CP,COLLA_DATE_EMBAUCHE,COLLA_DATE_FIN_CONTRAT,COLLA_MAIL,COLLA_MOBILE,COLLA_NOM,COLLA_PRENOM,COLLA_SEXE,COLLA_STATUT,COLLA_TEL,COLLA_TITRE,COLLA_VILLE) VALUES (80,'1',3,'Appartement 667-7042 Elit. Chemin','null','47642','13/12/2015','26/07/2017','neque@Integer.co.uk','0635561185','Paul','Émile','M','STA','0275163893','MLE','Mâcon');
INSERT INTO COLLABORATEUR (COLLA_ID,COL_COLLA_ID,FONCTION_ID,COLLA_ADRESSE1,COLLA_ADRESSE2,COLLA_CP,COLLA_DATE_EMBAUCHE,COLLA_DATE_FIN_CONTRAT,COLLA_MAIL,COLLA_MOBILE,COLLA_NOM,COLLA_PRENOM,COLLA_SEXE,COLLA_STATUT,COLLA_TEL,COLLA_TITRE,COLLA_VILLE) VALUES (81,'1',10,'Appartement 169-5725 Ac Rue','null','98445','11/03/2004','26/07/2017','sed@Proinvel.org','0602538728','Cordier','Dimitri','F','STA','0569437998','MME','Ilkeston');
INSERT INTO COLLABORATEUR (COLLA_ID,COL_COLLA_ID,FONCTION_ID,COLLA_ADRESSE1,COLLA_ADRESSE2,COLLA_CP,COLLA_DATE_EMBAUCHE,COLLA_DATE_FIN_CONTRAT,COLLA_MAIL,COLLA_MOBILE,COLLA_NOM,COLLA_PRENOM,COLLA_SEXE,COLLA_STATUT,COLLA_TEL,COLLA_TITRE,COLLA_VILLE) VALUES (82,'1',6,'Appartement 737-9761 Convallis Ave','null','81565','25/04/1996','26/07/2017','lobortis.ultrices.Vivamus@egestas.edu','0628124422','Renault','Clotilde','M','CDD','0319125873','MME','Gloucester');
INSERT INTO COLLABORATEUR (COLLA_ID,COL_COLLA_ID,FONCTION_ID,COLLA_ADRESSE1,COLLA_ADRESSE2,COLLA_CP,COLLA_DATE_EMBAUCHE,COLLA_DATE_FIN_CONTRAT,COLLA_MAIL,COLLA_MOBILE,COLLA_NOM,COLLA_PRENOM,COLLA_SEXE,COLLA_STATUT,COLLA_TEL,COLLA_TITRE,COLLA_VILLE) VALUES (83,'1',6,'CP 208, 4308 Velit Rd.','null','47250','13/11/2000','26/07/2017','fringilla@erat.edu','0774999048','Gay','Margot','F','CDI','0474982475','MR','Saint-Malo');
INSERT INTO COLLABORATEUR (COLLA_ID,COL_COLLA_ID,FONCTION_ID,COLLA_ADRESSE1,COLLA_ADRESSE2,COLLA_CP,COLLA_DATE_EMBAUCHE,COLLA_DATE_FIN_CONTRAT,COLLA_MAIL,COLLA_MOBILE,COLLA_NOM,COLLA_PRENOM,COLLA_SEXE,COLLA_STATUT,COLLA_TEL,COLLA_TITRE,COLLA_VILLE) VALUES (84,'1',1,'121-2717 Massa. Chemin','null','71686','18/10/2011','26/07/2017','nulla.Integer@metusvitae.com','0669500393','Meunier','Julie','F','CDD','0404754423','MLE','Tejar');
INSERT INTO COLLABORATEUR (COLLA_ID,COL_COLLA_ID,FONCTION_ID,COLLA_ADRESSE1,COLLA_ADRESSE2,COLLA_CP,COLLA_DATE_EMBAUCHE,COLLA_DATE_FIN_CONTRAT,COLLA_MAIL,COLLA_MOBILE,COLLA_NOM,COLLA_PRENOM,COLLA_SEXE,COLLA_STATUT,COLLA_TEL,COLLA_TITRE,COLLA_VILLE) VALUES (85,'1',10,'7481 Elit, Ave','null','52955','23/07/2001','26/07/2017','ac.fermentum@semvitaealiquam.ca','0717892544','Hubert','Mohamed','F','STA','0544194503','MME','Eernegem');
INSERT INTO COLLABORATEUR (COLLA_ID,COL_COLLA_ID,FONCTION_ID,COLLA_ADRESSE1,COLLA_ADRESSE2,COLLA_CP,COLLA_DATE_EMBAUCHE,COLLA_DATE_FIN_CONTRAT,COLLA_MAIL,COLLA_MOBILE,COLLA_NOM,COLLA_PRENOM,COLLA_SEXE,COLLA_STATUT,COLLA_TEL,COLLA_TITRE,COLLA_VILLE) VALUES (86,'1',9,'CP 872, 4960 Ultricies Rd.','null','31883','17/03/2006','26/07/2017','a.facilisis.non@odiotristiquepharetra.co.uk','0623193674','Leclerc','Mohamed','M','CDI','0488031540','MLE','Lang');
INSERT INTO COLLABORATEUR (COLLA_ID,COL_COLLA_ID,FONCTION_ID,COLLA_ADRESSE1,COLLA_ADRESSE2,COLLA_CP,COLLA_DATE_EMBAUCHE,COLLA_DATE_FIN_CONTRAT,COLLA_MAIL,COLLA_MOBILE,COLLA_NOM,COLLA_PRENOM,COLLA_SEXE,COLLA_STATUT,COLLA_TEL,COLLA_TITRE,COLLA_VILLE) VALUES (87,'1',10,'CP 761, 2087 Enim, Rue','null','62195','30/03/2011','26/07/2017','turpis@vehicula.edu','0658601665','Renault','Martin','F','CDD','0207692195','MME','Lustin');
INSERT INTO COLLABORATEUR (COLLA_ID,COL_COLLA_ID,FONCTION_ID,COLLA_ADRESSE1,COLLA_ADRESSE2,COLLA_CP,COLLA_DATE_EMBAUCHE,COLLA_DATE_FIN_CONTRAT,COLLA_MAIL,COLLA_MOBILE,COLLA_NOM,COLLA_PRENOM,COLLA_SEXE,COLLA_STATUT,COLLA_TEL,COLLA_TITRE,COLLA_VILLE) VALUES (88,'1',4,'8307 Rutrum Chemin','null','46243','03/06/2003','26/07/2017','in.consectetuer@dapibus.ca','0624978734','Hubert','Sarah','M','CDD','0510698325','MLE','Delianuova');
INSERT INTO COLLABORATEUR (COLLA_ID,COL_COLLA_ID,FONCTION_ID,COLLA_ADRESSE1,COLLA_ADRESSE2,COLLA_CP,COLLA_DATE_EMBAUCHE,COLLA_DATE_FIN_CONTRAT,COLLA_MAIL,COLLA_MOBILE,COLLA_NOM,COLLA_PRENOM,COLLA_SEXE,COLLA_STATUT,COLLA_TEL,COLLA_TITRE,COLLA_VILLE) VALUES (89,'1',3,'6624 Imperdiet Ave','null','52518','30/05/1998','26/07/2017','Phasellus.nulla.Integer@nullaanteiaculis.ca','0617467018','Garnier','Clotilde','M','CDI','0299651210','MLE','Mysore');
INSERT INTO COLLABORATEUR (COLLA_ID,COL_COLLA_ID,FONCTION_ID,COLLA_ADRESSE1,COLLA_ADRESSE2,COLLA_CP,COLLA_DATE_EMBAUCHE,COLLA_DATE_FIN_CONTRAT,COLLA_MAIL,COLLA_MOBILE,COLLA_NOM,COLLA_PRENOM,COLLA_SEXE,COLLA_STATUT,COLLA_TEL,COLLA_TITRE,COLLA_VILLE) VALUES (90,'1',6,'Appartement 507-1031 At Rue','null','06553','09/11/2012','26/07/2017','libero@aliquetodio.edu','0784881044','Dufour','Lily','F','CDI','0557793345','MME','Monghidoro');
INSERT INTO COLLABORATEUR (COLLA_ID,COL_COLLA_ID,FONCTION_ID,COLLA_ADRESSE1,COLLA_ADRESSE2,COLLA_CP,COLLA_DATE_EMBAUCHE,COLLA_DATE_FIN_CONTRAT,COLLA_MAIL,COLLA_MOBILE,COLLA_NOM,COLLA_PRENOM,COLLA_SEXE,COLLA_STATUT,COLLA_TEL,COLLA_TITRE,COLLA_VILLE) VALUES (91,'1',1,'CP 377, 6142 Facilisis Impasse','null','65570','29/11/2001','26/07/2017','massa.Mauris@tempusscelerisque.net','0648348410','Cordier','Marion','M','STA','0382949332','MME','Oderzo');
INSERT INTO COLLABORATEUR (COLLA_ID,COL_COLLA_ID,FONCTION_ID,COLLA_ADRESSE1,COLLA_ADRESSE2,COLLA_CP,COLLA_DATE_EMBAUCHE,COLLA_DATE_FIN_CONTRAT,COLLA_MAIL,COLLA_MOBILE,COLLA_NOM,COLLA_PRENOM,COLLA_SEXE,COLLA_STATUT,COLLA_TEL,COLLA_TITRE,COLLA_VILLE) VALUES (92,'1',7,'CP 919, 1530 Pellentesque Impasse','null','11805','18/10/2007','26/07/2017','gravida.sagittis.Duis@volutpat.co.uk','0691508343','Cordier','Cloé','F','STA','0291638239','MME','Rendsburg');
INSERT INTO COLLABORATEUR (COLLA_ID,COL_COLLA_ID,FONCTION_ID,COLLA_ADRESSE1,COLLA_ADRESSE2,COLLA_CP,COLLA_DATE_EMBAUCHE,COLLA_DATE_FIN_CONTRAT,COLLA_MAIL,COLLA_MOBILE,COLLA_NOM,COLLA_PRENOM,COLLA_SEXE,COLLA_STATUT,COLLA_TEL,COLLA_TITRE,COLLA_VILLE) VALUES (93,'1',2,'388-6863 Vitae Avenue','null','03101','07/10/2002','26/07/2017','nec.metus.facilisis@semeget.co.uk','0785816446','Cousin','Théo','M','STA','0594061115','MR','Dillingen');
INSERT INTO COLLABORATEUR (COLLA_ID,COL_COLLA_ID,FONCTION_ID,COLLA_ADRESSE1,COLLA_ADRESSE2,COLLA_CP,COLLA_DATE_EMBAUCHE,COLLA_DATE_FIN_CONTRAT,COLLA_MAIL,COLLA_MOBILE,COLLA_NOM,COLLA_PRENOM,COLLA_SEXE,COLLA_STATUT,COLLA_TEL,COLLA_TITRE,COLLA_VILLE) VALUES (94,'1',10,'Appartement 640-2180 Euismod Rd.','null','12195','27/08/2004','26/07/2017','in.consequat.enim@arcu.net','0738506778','Carre','Lauriane','M','STA','0254929025','MLE','Eugene');
INSERT INTO COLLABORATEUR (COLLA_ID,COL_COLLA_ID,FONCTION_ID,COLLA_ADRESSE1,COLLA_ADRESSE2,COLLA_CP,COLLA_DATE_EMBAUCHE,COLLA_DATE_FIN_CONTRAT,COLLA_MAIL,COLLA_MOBILE,COLLA_NOM,COLLA_PRENOM,COLLA_SEXE,COLLA_STATUT,COLLA_TEL,COLLA_TITRE,COLLA_VILLE) VALUES (95,'1',2,'316-1080 Tristique Chemin','null','24390','10/06/1995','26/07/2017','faucibus.ut.nulla@mauris.org','0751834657','Boulanger','Timothée','M','STA','0527305675','MLE','Ways');
INSERT INTO COLLABORATEUR (COLLA_ID,COL_COLLA_ID,FONCTION_ID,COLLA_ADRESSE1,COLLA_ADRESSE2,COLLA_CP,COLLA_DATE_EMBAUCHE,COLLA_DATE_FIN_CONTRAT,COLLA_MAIL,COLLA_MOBILE,COLLA_NOM,COLLA_PRENOM,COLLA_SEXE,COLLA_STATUT,COLLA_TEL,COLLA_TITRE,COLLA_VILLE) VALUES (96,'1',11,'567 Ante Chemin','null','15108','27/03/1995','26/07/2017','Curabitur.egestas@Duiselementum.com','0696318331','Picard','Émile','F','CDD','0176791138','MR','Cantley');
INSERT INTO COLLABORATEUR (COLLA_ID,COL_COLLA_ID,FONCTION_ID,COLLA_ADRESSE1,COLLA_ADRESSE2,COLLA_CP,COLLA_DATE_EMBAUCHE,COLLA_DATE_FIN_CONTRAT,COLLA_MAIL,COLLA_MOBILE,COLLA_NOM,COLLA_PRENOM,COLLA_SEXE,COLLA_STATUT,COLLA_TEL,COLLA_TITRE,COLLA_VILLE) VALUES (97,'1',9,'Appartement 122-486 Ac Ave','null','64986','17/05/2003','26/07/2017','elementum.dui@acnulla.com','0620311283','Schmitt','Manon','F','STA','0548657901','MLE','San Pablo');
INSERT INTO COLLABORATEUR (COLLA_ID,COL_COLLA_ID,FONCTION_ID,COLLA_ADRESSE1,COLLA_ADRESSE2,COLLA_CP,COLLA_DATE_EMBAUCHE,COLLA_DATE_FIN_CONTRAT,COLLA_MAIL,COLLA_MOBILE,COLLA_NOM,COLLA_PRENOM,COLLA_SEXE,COLLA_STATUT,COLLA_TEL,COLLA_TITRE,COLLA_VILLE) VALUES (98,'1',11,'933-9129 Vivamus Avenue','null','40264','21/11/2009','26/07/2017','laoreet.libero.et@nequevenenatislacus.com','0714509947','Marty','Jérémy','F','CDI','0366426402','MR','Leduc');
INSERT INTO COLLABORATEUR (COLLA_ID,COL_COLLA_ID,FONCTION_ID,COLLA_ADRESSE1,COLLA_ADRESSE2,COLLA_CP,COLLA_DATE_EMBAUCHE,COLLA_DATE_FIN_CONTRAT,COLLA_MAIL,COLLA_MOBILE,COLLA_NOM,COLLA_PRENOM,COLLA_SEXE,COLLA_STATUT,COLLA_TEL,COLLA_TITRE,COLLA_VILLE) VALUES (99,'1',8,'425-9850 Magna. Avenue','null','16086','05/10/1997','26/07/2017','egestas@etmagnisdis.net','0763215165','Paris','Loevan','M','CDD','0288187227','MLE','Rutten');
INSERT INTO COLLABORATEUR (COLLA_ID,COL_COLLA_ID,FONCTION_ID,COLLA_ADRESSE1,COLLA_ADRESSE2,COLLA_CP,COLLA_DATE_EMBAUCHE,COLLA_DATE_FIN_CONTRAT,COLLA_MAIL,COLLA_MOBILE,COLLA_NOM,COLLA_PRENOM,COLLA_SEXE,COLLA_STATUT,COLLA_TEL,COLLA_TITRE,COLLA_VILLE) VALUES (100,'1',6,'Appartement 954-7270 Est Rue','null','28975','11/11/2008','26/07/2017','Proin.velit@utpellentesque.ca','0656251057','Breton','Clotilde','M','CDI','0567246798','MME','Buren');
/****
AJOUT DE DONNEES POUR LA TABLE SALAIRE
****/
INSERT INTO SALAIRE (SALAIRE_ID,COLLA_ID,SALAIRE_MONTANT,SALAIRE_DATE) VALUES (1,1,4234,'13/06/2016');
INSERT INTO SALAIRE (SALAIRE_ID,COLLA_ID,SALAIRE_MONTANT,SALAIRE_DATE) VALUES (2,2,2252,'11/08/2015');
INSERT INTO SALAIRE (SALAIRE_ID,COLLA_ID,SALAIRE_MONTANT,SALAIRE_DATE) VALUES (3,3,2734,'07/03/2017');
INSERT INTO SALAIRE (SALAIRE_ID,COLLA_ID,SALAIRE_MONTANT,SALAIRE_DATE) VALUES (4,4,1204,'23/10/2015');
INSERT INTO SALAIRE (SALAIRE_ID,COLLA_ID,SALAIRE_MONTANT,SALAIRE_DATE) VALUES (5,5,1669,'06/03/2017');
INSERT INTO SALAIRE (SALAIRE_ID,COLLA_ID,SALAIRE_MONTANT,SALAIRE_DATE) VALUES (6,6,4452,'09/11/2016');
INSERT INTO SALAIRE (SALAIRE_ID,COLLA_ID,SALAIRE_MONTANT,SALAIRE_DATE) VALUES (7,7,3553,'25/04/2016');
INSERT INTO SALAIRE (SALAIRE_ID,COLLA_ID,SALAIRE_MONTANT,SALAIRE_DATE) VALUES (8,8,2326,'16/12/2016');
INSERT INTO SALAIRE (SALAIRE_ID,COLLA_ID,SALAIRE_MONTANT,SALAIRE_DATE) VALUES (9,9,2525,'15/12/2015');
INSERT INTO SALAIRE (SALAIRE_ID,COLLA_ID,SALAIRE_MONTANT,SALAIRE_DATE) VALUES (10,10,3513,'13/06/2016');
INSERT INTO SALAIRE (SALAIRE_ID,COLLA_ID,SALAIRE_MONTANT,SALAIRE_DATE) VALUES (11,11,3009,'08/06/2016');
INSERT INTO SALAIRE (SALAIRE_ID,COLLA_ID,SALAIRE_MONTANT,SALAIRE_DATE) VALUES (12,12,4385,'12/10/2016');
INSERT INTO SALAIRE (SALAIRE_ID,COLLA_ID,SALAIRE_MONTANT,SALAIRE_DATE) VALUES (13,13,4575,'09/12/2016');
INSERT INTO SALAIRE (SALAIRE_ID,COLLA_ID,SALAIRE_MONTANT,SALAIRE_DATE) VALUES (14,14,2639,'06/03/2017');
INSERT INTO SALAIRE (SALAIRE_ID,COLLA_ID,SALAIRE_MONTANT,SALAIRE_DATE) VALUES (15,15,4941,'06/09/2016');
INSERT INTO SALAIRE (SALAIRE_ID,COLLA_ID,SALAIRE_MONTANT,SALAIRE_DATE) VALUES (16,16,4713,'18/01/2017');
INSERT INTO SALAIRE (SALAIRE_ID,COLLA_ID,SALAIRE_MONTANT,SALAIRE_DATE) VALUES (17,17,3127,'27/05/2017');
INSERT INTO SALAIRE (SALAIRE_ID,COLLA_ID,SALAIRE_MONTANT,SALAIRE_DATE) VALUES (18,18,2367,'04/04/2017');
INSERT INTO SALAIRE (SALAIRE_ID,COLLA_ID,SALAIRE_MONTANT,SALAIRE_DATE) VALUES (19,19,2868,'21/06/2017');
INSERT INTO SALAIRE (SALAIRE_ID,COLLA_ID,SALAIRE_MONTANT,SALAIRE_DATE) VALUES (20,20,4037,'26/03/2016');
INSERT INTO SALAIRE (SALAIRE_ID,COLLA_ID,SALAIRE_MONTANT,SALAIRE_DATE) VALUES (21,21,2931,'10/08/2015');
INSERT INTO SALAIRE (SALAIRE_ID,COLLA_ID,SALAIRE_MONTANT,SALAIRE_DATE) VALUES (22,22,4582,'06/03/2016');
INSERT INTO SALAIRE (SALAIRE_ID,COLLA_ID,SALAIRE_MONTANT,SALAIRE_DATE) VALUES (23,23,1899,'06/02/2017');
INSERT INTO SALAIRE (SALAIRE_ID,COLLA_ID,SALAIRE_MONTANT,SALAIRE_DATE) VALUES (24,24,2068,'03/02/2016');
INSERT INTO SALAIRE (SALAIRE_ID,COLLA_ID,SALAIRE_MONTANT,SALAIRE_DATE) VALUES (25,25,1212,'07/12/2015');
INSERT INTO SALAIRE (SALAIRE_ID,COLLA_ID,SALAIRE_MONTANT,SALAIRE_DATE) VALUES (26,26,2167,'30/04/2016');
INSERT INTO SALAIRE (SALAIRE_ID,COLLA_ID,SALAIRE_MONTANT,SALAIRE_DATE) VALUES (27,27,1247,'12/04/2017');
INSERT INTO SALAIRE (SALAIRE_ID,COLLA_ID,SALAIRE_MONTANT,SALAIRE_DATE) VALUES (28,28,2312,'21/03/2016');
INSERT INTO SALAIRE (SALAIRE_ID,COLLA_ID,SALAIRE_MONTANT,SALAIRE_DATE) VALUES (29,29,4122,'28/09/2015');
INSERT INTO SALAIRE (SALAIRE_ID,COLLA_ID,SALAIRE_MONTANT,SALAIRE_DATE) VALUES (30,30,3966,'12/12/2015');
INSERT INTO SALAIRE (SALAIRE_ID,COLLA_ID,SALAIRE_MONTANT,SALAIRE_DATE) VALUES (31,31,3242,'24/01/2016');
INSERT INTO SALAIRE (SALAIRE_ID,COLLA_ID,SALAIRE_MONTANT,SALAIRE_DATE) VALUES (32,32,3845,'21/09/2015');
INSERT INTO SALAIRE (SALAIRE_ID,COLLA_ID,SALAIRE_MONTANT,SALAIRE_DATE) VALUES (33,33,3049,'29/01/2016');
INSERT INTO SALAIRE (SALAIRE_ID,COLLA_ID,SALAIRE_MONTANT,SALAIRE_DATE) VALUES (34,34,2599,'09/02/2016');
INSERT INTO SALAIRE (SALAIRE_ID,COLLA_ID,SALAIRE_MONTANT,SALAIRE_DATE) VALUES (35,35,4933,'14/12/2015');
INSERT INTO SALAIRE (SALAIRE_ID,COLLA_ID,SALAIRE_MONTANT,SALAIRE_DATE) VALUES (36,36,2959,'09/06/2016');
INSERT INTO SALAIRE (SALAIRE_ID,COLLA_ID,SALAIRE_MONTANT,SALAIRE_DATE) VALUES (37,37,1732,'22/06/2017');
INSERT INTO SALAIRE (SALAIRE_ID,COLLA_ID,SALAIRE_MONTANT,SALAIRE_DATE) VALUES (38,38,1751,'27/06/2016');
INSERT INTO SALAIRE (SALAIRE_ID,COLLA_ID,SALAIRE_MONTANT,SALAIRE_DATE) VALUES (39,39,2258,'24/04/2017');
INSERT INTO SALAIRE (SALAIRE_ID,COLLA_ID,SALAIRE_MONTANT,SALAIRE_DATE) VALUES (40,40,3790,'01/09/2016');
INSERT INTO SALAIRE (SALAIRE_ID,COLLA_ID,SALAIRE_MONTANT,SALAIRE_DATE) VALUES (41,41,1808,'09/05/2017');
INSERT INTO SALAIRE (SALAIRE_ID,COLLA_ID,SALAIRE_MONTANT,SALAIRE_DATE) VALUES (42,42,2258,'01/10/2015');
INSERT INTO SALAIRE (SALAIRE_ID,COLLA_ID,SALAIRE_MONTANT,SALAIRE_DATE) VALUES (43,43,4459,'23/01/2016');
INSERT INTO SALAIRE (SALAIRE_ID,COLLA_ID,SALAIRE_MONTANT,SALAIRE_DATE) VALUES (44,44,3927,'09/09/2016');
INSERT INTO SALAIRE (SALAIRE_ID,COLLA_ID,SALAIRE_MONTANT,SALAIRE_DATE) VALUES (45,45,3931,'31/08/2015');
INSERT INTO SALAIRE (SALAIRE_ID,COLLA_ID,SALAIRE_MONTANT,SALAIRE_DATE) VALUES (46,46,4873,'12/04/2017');
INSERT INTO SALAIRE (SALAIRE_ID,COLLA_ID,SALAIRE_MONTANT,SALAIRE_DATE) VALUES (47,47,1726,'03/12/2015');
INSERT INTO SALAIRE (SALAIRE_ID,COLLA_ID,SALAIRE_MONTANT,SALAIRE_DATE) VALUES (48,48,2083,'16/01/2017');
INSERT INTO SALAIRE (SALAIRE_ID,COLLA_ID,SALAIRE_MONTANT,SALAIRE_DATE) VALUES (49,49,1674,'25/02/2016');
INSERT INTO SALAIRE (SALAIRE_ID,COLLA_ID,SALAIRE_MONTANT,SALAIRE_DATE) VALUES (50,50,2560,'15/07/2017');
INSERT INTO SALAIRE (SALAIRE_ID,COLLA_ID,SALAIRE_MONTANT,SALAIRE_DATE) VALUES (51,51,3947,'24/12/2016');
INSERT INTO SALAIRE (SALAIRE_ID,COLLA_ID,SALAIRE_MONTANT,SALAIRE_DATE) VALUES (52,52,3187,'14/07/2016');
INSERT INTO SALAIRE (SALAIRE_ID,COLLA_ID,SALAIRE_MONTANT,SALAIRE_DATE) VALUES (53,53,2800,'11/12/2015');
INSERT INTO SALAIRE (SALAIRE_ID,COLLA_ID,SALAIRE_MONTANT,SALAIRE_DATE) VALUES (54,54,3696,'08/07/2017');
INSERT INTO SALAIRE (SALAIRE_ID,COLLA_ID,SALAIRE_MONTANT,SALAIRE_DATE) VALUES (55,55,1231,'17/03/2016');
INSERT INTO SALAIRE (SALAIRE_ID,COLLA_ID,SALAIRE_MONTANT,SALAIRE_DATE) VALUES (56,56,4663,'23/01/2017');
INSERT INTO SALAIRE (SALAIRE_ID,COLLA_ID,SALAIRE_MONTANT,SALAIRE_DATE) VALUES (57,57,2975,'31/03/2017');
INSERT INTO SALAIRE (SALAIRE_ID,COLLA_ID,SALAIRE_MONTANT,SALAIRE_DATE) VALUES (58,58,3360,'25/03/2016');
INSERT INTO SALAIRE (SALAIRE_ID,COLLA_ID,SALAIRE_MONTANT,SALAIRE_DATE) VALUES (59,59,2877,'08/11/2015');
INSERT INTO SALAIRE (SALAIRE_ID,COLLA_ID,SALAIRE_MONTANT,SALAIRE_DATE) VALUES (60,60,4531,'01/07/2016');
INSERT INTO SALAIRE (SALAIRE_ID,COLLA_ID,SALAIRE_MONTANT,SALAIRE_DATE) VALUES (61,61,3010,'28/01/2016');
INSERT INTO SALAIRE (SALAIRE_ID,COLLA_ID,SALAIRE_MONTANT,SALAIRE_DATE) VALUES (62,62,1757,'17/05/2017');
INSERT INTO SALAIRE (SALAIRE_ID,COLLA_ID,SALAIRE_MONTANT,SALAIRE_DATE) VALUES (63,63,4409,'02/11/2016');
INSERT INTO SALAIRE (SALAIRE_ID,COLLA_ID,SALAIRE_MONTANT,SALAIRE_DATE) VALUES (64,64,3822,'30/06/2016');
INSERT INTO SALAIRE (SALAIRE_ID,COLLA_ID,SALAIRE_MONTANT,SALAIRE_DATE) VALUES (65,65,2961,'29/12/2016');
INSERT INTO SALAIRE (SALAIRE_ID,COLLA_ID,SALAIRE_MONTANT,SALAIRE_DATE) VALUES (66,66,1955,'08/07/2016');
INSERT INTO SALAIRE (SALAIRE_ID,COLLA_ID,SALAIRE_MONTANT,SALAIRE_DATE) VALUES (67,67,1187,'27/01/2017');
INSERT INTO SALAIRE (SALAIRE_ID,COLLA_ID,SALAIRE_MONTANT,SALAIRE_DATE) VALUES (68,68,3910,'19/02/2017');
INSERT INTO SALAIRE (SALAIRE_ID,COLLA_ID,SALAIRE_MONTANT,SALAIRE_DATE) VALUES (69,69,1420,'14/12/2016');
INSERT INTO SALAIRE (SALAIRE_ID,COLLA_ID,SALAIRE_MONTANT,SALAIRE_DATE) VALUES (70,70,3114,'31/07/2015');
INSERT INTO SALAIRE (SALAIRE_ID,COLLA_ID,SALAIRE_MONTANT,SALAIRE_DATE) VALUES (71,71,3380,'15/05/2016');
INSERT INTO SALAIRE (SALAIRE_ID,COLLA_ID,SALAIRE_MONTANT,SALAIRE_DATE) VALUES (72,72,1311,'11/07/2016');
INSERT INTO SALAIRE (SALAIRE_ID,COLLA_ID,SALAIRE_MONTANT,SALAIRE_DATE) VALUES (73,73,1485,'19/09/2016');
INSERT INTO SALAIRE (SALAIRE_ID,COLLA_ID,SALAIRE_MONTANT,SALAIRE_DATE) VALUES (74,74,2940,'28/05/2017');
INSERT INTO SALAIRE (SALAIRE_ID,COLLA_ID,SALAIRE_MONTANT,SALAIRE_DATE) VALUES (75,75,3185,'10/11/2015');
INSERT INTO SALAIRE (SALAIRE_ID,COLLA_ID,SALAIRE_MONTANT,SALAIRE_DATE) VALUES (76,76,4970,'18/05/2016');
INSERT INTO SALAIRE (SALAIRE_ID,COLLA_ID,SALAIRE_MONTANT,SALAIRE_DATE) VALUES (77,77,1895,'26/02/2017');
INSERT INTO SALAIRE (SALAIRE_ID,COLLA_ID,SALAIRE_MONTANT,SALAIRE_DATE) VALUES (78,78,2381,'10/09/2016');
INSERT INTO SALAIRE (SALAIRE_ID,COLLA_ID,SALAIRE_MONTANT,SALAIRE_DATE) VALUES (79,79,1206,'29/12/2016');
INSERT INTO SALAIRE (SALAIRE_ID,COLLA_ID,SALAIRE_MONTANT,SALAIRE_DATE) VALUES (80,80,1833,'04/05/2016');
INSERT INTO SALAIRE (SALAIRE_ID,COLLA_ID,SALAIRE_MONTANT,SALAIRE_DATE) VALUES (81,81,2585,'14/07/2016');
INSERT INTO SALAIRE (SALAIRE_ID,COLLA_ID,SALAIRE_MONTANT,SALAIRE_DATE) VALUES (82,82,2385,'12/03/2016');
INSERT INTO SALAIRE (SALAIRE_ID,COLLA_ID,SALAIRE_MONTANT,SALAIRE_DATE) VALUES (83,83,2909,'19/09/2016');
INSERT INTO SALAIRE (SALAIRE_ID,COLLA_ID,SALAIRE_MONTANT,SALAIRE_DATE) VALUES (84,84,4831,'01/02/2017');
INSERT INTO SALAIRE (SALAIRE_ID,COLLA_ID,SALAIRE_MONTANT,SALAIRE_DATE) VALUES (85,85,1314,'21/03/2016');
INSERT INTO SALAIRE (SALAIRE_ID,COLLA_ID,SALAIRE_MONTANT,SALAIRE_DATE) VALUES (86,86,3977,'06/08/2015');
INSERT INTO SALAIRE (SALAIRE_ID,COLLA_ID,SALAIRE_MONTANT,SALAIRE_DATE) VALUES (87,87,3508,'25/04/2017');
INSERT INTO SALAIRE (SALAIRE_ID,COLLA_ID,SALAIRE_MONTANT,SALAIRE_DATE) VALUES (88,88,4464,'22/11/2015');
INSERT INTO SALAIRE (SALAIRE_ID,COLLA_ID,SALAIRE_MONTANT,SALAIRE_DATE) VALUES (89,89,2934,'16/04/2016');
INSERT INTO SALAIRE (SALAIRE_ID,COLLA_ID,SALAIRE_MONTANT,SALAIRE_DATE) VALUES (90,90,2942,'13/08/2015');
INSERT INTO SALAIRE (SALAIRE_ID,COLLA_ID,SALAIRE_MONTANT,SALAIRE_DATE) VALUES (91,91,2142,'30/06/2016');
INSERT INTO SALAIRE (SALAIRE_ID,COLLA_ID,SALAIRE_MONTANT,SALAIRE_DATE) VALUES (92,92,1163,'20/04/2016');
INSERT INTO SALAIRE (SALAIRE_ID,COLLA_ID,SALAIRE_MONTANT,SALAIRE_DATE) VALUES (93,93,1044,'24/12/2015');
INSERT INTO SALAIRE (SALAIRE_ID,COLLA_ID,SALAIRE_MONTANT,SALAIRE_DATE) VALUES (94,94,2651,'01/06/2016');
INSERT INTO SALAIRE (SALAIRE_ID,COLLA_ID,SALAIRE_MONTANT,SALAIRE_DATE) VALUES (95,95,1939,'24/10/2016');
INSERT INTO SALAIRE (SALAIRE_ID,COLLA_ID,SALAIRE_MONTANT,SALAIRE_DATE) VALUES (96,96,1313,'05/12/2015');
INSERT INTO SALAIRE (SALAIRE_ID,COLLA_ID,SALAIRE_MONTANT,SALAIRE_DATE) VALUES (97,97,3516,'08/02/2017');
INSERT INTO SALAIRE (SALAIRE_ID,COLLA_ID,SALAIRE_MONTANT,SALAIRE_DATE) VALUES (98,98,2861,'22/05/2017');
INSERT INTO SALAIRE (SALAIRE_ID,COLLA_ID,SALAIRE_MONTANT,SALAIRE_DATE) VALUES (99,99,1302,'05/03/2016');
INSERT INTO SALAIRE (SALAIRE_ID,COLLA_ID,SALAIRE_MONTANT,SALAIRE_DATE) VALUES (100,100,2753,'05/01/2016');
/****
AJOUT DE DONNEES POUR LA TABLE PROJET
****/
INSERT INTO PROJET (PROJET_ID, TYPEPROJ_ID, COLLA_ID, ACTIVITE_ID, PROJET_CHARGE_GLOBALE_ESTIMEE, PROJET_COLLA_MAX, PROJET_COMMSPECIFIQUE, PROJET_CYCLE_VIE, PROJET_DATE_PREVUE_DEBUT, PROJET_DATE_PREVUE_FIN, PROJET_ESTIMATION, PROJET_LIBELLE_COURT, PROJET_LIBELLE_LONG)
VALUES (1601, 1, 1, 8, 110, 6, 'Création d' || '''' || 'une application de suivi de projet', 'Création', '28/08/2016', '15/04/2017', 'Aucune estimation', 'SdP', 'Application de suivi de projet');
INSERT INTO PROJET (PROJET_ID, TYPEPROJ_ID, COLLA_ID, ACTIVITE_ID, PROJET_CHARGE_GLOBALE_ESTIMEE, PROJET_COLLA_MAX, PROJET_COMMSPECIFIQUE, PROJET_CYCLE_VIE, PROJET_DATE_PREVUE_DEBUT, PROJET_DATE_PREVUE_FIN, PROJET_ESTIMATION, PROJET_LIBELLE_COURT, PROJET_LIBELLE_LONG)
VALUES (1602, 1, 45, 3, 60, 9, 'Création d' || '''' || 'une application de gestion de frette', 'Dév', '28/09/2016', '01/01/2017', 'Aucune estimation', 'GdF', 'Application de gestion de frette');
INSERT INTO PROJET (PROJET_ID, TYPEPROJ_ID, COLLA_ID, ACTIVITE_ID, PROJET_CHARGE_GLOBALE_ESTIMEE, PROJET_COLLA_MAX, PROJET_COMMSPECIFIQUE, PROJET_CYCLE_VIE, PROJET_DATE_PREVUE_DEBUT, PROJET_DATE_PREVUE_FIN, PROJET_ESTIMATION, PROJET_LIBELLE_COURT, PROJET_LIBELLE_LONG)
VALUES (1603, 2, 22, 1, 159, 3, 'Création d' || '''' || 'un site de vente de fruits et légumes', 'Création', '16/10/2016', '27/02/2017', 'Aucune estimation', 'FL', 'site Fruits Légumes');
INSERT INTO PROJET (PROJET_ID, TYPEPROJ_ID, COLLA_ID, ACTIVITE_ID, PROJET_CHARGE_GLOBALE_ESTIMEE, PROJET_COLLA_MAX, PROJET_COMMSPECIFIQUE, PROJET_CYCLE_VIE, PROJET_DATE_PREVUE_DEBUT, PROJET_DATE_PREVUE_FIN, PROJET_ESTIMATION, PROJET_LIBELLE_COURT, PROJET_LIBELLE_LONG)
VALUES (1604, 3, 41, 2, 88, 2, 'Création d' || '''' || 'un logiciel de capture d' || '''' || 'écran', 'Maint', '28/12/2016', '22/03/2017', 'Aucune estimation', 'IE', 'Capture d' || '''' ||'écran ImpEc');
INSERT INTO PROJET (PROJET_ID, TYPEPROJ_ID, COLLA_ID, ACTIVITE_ID, PROJET_CHARGE_GLOBALE_ESTIMEE, PROJET_COLLA_MAX, PROJET_COMMSPECIFIQUE, PROJET_CYCLE_VIE, PROJET_DATE_PREVUE_DEBUT, PROJET_DATE_PREVUE_FIN, PROJET_ESTIMATION, PROJET_LIBELLE_COURT, PROJET_LIBELLE_LONG)
VALUES (1605, 1, 9, 7, 300, 22, 'Création d' || '''' || 'un site de paris', 'Création', '31/12/2016', '10/04/2017', 'Aucune estimation', 'Paris', 'Site de paris');
/****
AJOUT DE DONNEES POUR LA TABLE ETAPE
****/
INSERT INTO ETAPE (ETAPE_ID,ETAPEPROJ_ID,PROJET_ID,ETAPE_CHARGE_ESTIMEE,ETAPE_CHARGE_PROD,ETAPE_CHARGEVALID) VALUES (160101,2,1601,40,30,40);
INSERT INTO ETAPE (ETAPE_ID,ETAPEPROJ_ID,PROJET_ID,ETAPE_CHARGE_ESTIMEE,ETAPE_CHARGE_PROD,ETAPE_CHARGEVALID) VALUES (160201,1,1602,70,10,50);
INSERT INTO ETAPE (ETAPE_ID,ETAPEPROJ_ID,PROJET_ID,ETAPE_CHARGE_ESTIMEE,ETAPE_CHARGE_PROD,ETAPE_CHARGEVALID) VALUES (160202,4,1602,150,80,50);
INSERT INTO ETAPE (ETAPE_ID,ETAPEPROJ_ID,PROJET_ID,ETAPE_CHARGE_ESTIMEE,ETAPE_CHARGE_PROD,ETAPE_CHARGEVALID) VALUES (160301,2,1603,200,30,40);
INSERT INTO ETAPE (ETAPE_ID,ETAPEPROJ_ID,PROJET_ID,ETAPE_CHARGE_ESTIMEE,ETAPE_CHARGE_PROD,ETAPE_CHARGEVALID) VALUES (160401,2,1604,90,30,40);
INSERT INTO ETAPE (ETAPE_ID,ETAPEPROJ_ID,PROJET_ID,ETAPE_CHARGE_ESTIMEE,ETAPE_CHARGE_PROD,ETAPE_CHARGEVALID) VALUES (160501,2,1605,80,30,40);
/****
AJOUT DE DONNEES POUR LA TABLE INTERVENTION
****/
INSERT INTO INTERVENTION (INTERVENTION_ID,COLLA_ID,FONCTION_ID,ETAPE_ID,INTERVENTION_DATE_DEBUT,INTERVENTION_DATE_FIN,INTERVENTION_DUREE) VALUES (1,18,4,160101,'21/07/2016','25/07/2016',25);
INSERT INTO INTERVENTION (INTERVENTION_ID,COLLA_ID,FONCTION_ID,ETAPE_ID,INTERVENTION_DATE_DEBUT,INTERVENTION_DATE_FIN,INTERVENTION_DUREE) VALUES (2,35,5,160201,'15/07/2016','18/07/2016',15);
INSERT INTO INTERVENTION (INTERVENTION_ID,COLLA_ID,FONCTION_ID,ETAPE_ID,INTERVENTION_DATE_DEBUT,INTERVENTION_DATE_FIN,INTERVENTION_DUREE) VALUES (3,44,6,160301,'3/07/2016','5/07/2016',16);
INSERT INTO INTERVENTION (INTERVENTION_ID,COLLA_ID,FONCTION_ID,ETAPE_ID,INTERVENTION_DATE_DEBUT,INTERVENTION_DATE_FIN,INTERVENTION_DUREE) VALUES (4,29,3,160401,'21/06/2016','5/07/2016',13);
INSERT INTO INTERVENTION (INTERVENTION_ID,COLLA_ID,FONCTION_ID,ETAPE_ID,INTERVENTION_DATE_DEBUT,INTERVENTION_DATE_FIN,INTERVENTION_DUREE) VALUES (5,13,2,160202,'15/07/2016','19/07/2016',10);
INSERT INTO INTERVENTION (INTERVENTION_ID,COLLA_ID,FONCTION_ID,ETAPE_ID,INTERVENTION_DATE_DEBUT,INTERVENTION_DATE_FIN,INTERVENTION_DUREE) VALUES (6,51,4,160202,'20/07/2016','21/07/2016',5);

/****
AJOUT DE DONNEES POUR LA TABLE GERE
****/
INSERT INTO GERE (CLIENT_ID, CONTACT_ID, PROJET_ID) VALUES (1,4,1601);
INSERT INTO GERE (CLIENT_ID, CONTACT_ID, PROJET_ID) VALUES (1,1,1602);
INSERT INTO GERE (CLIENT_ID, CONTACT_ID, PROJET_ID) VALUES (22,52,1603);
INSERT INTO GERE (CLIENT_ID, CONTACT_ID, PROJET_ID) VALUES (11,12,1604);
INSERT INTO GERE (CLIENT_ID, CONTACT_ID, PROJET_ID) VALUES (40,74,1605);

/****
AJOUT DE DONNEES POUR LA TABLE INCLUT
****/
INSERT INTO INCLUT (PROJET_ID, DOCUMENT_ID) VALUES (1601, 1);
INSERT INTO INCLUT (PROJET_ID, DOCUMENT_ID) VALUES (1601, 2);
INSERT INTO INCLUT (PROJET_ID, DOCUMENT_ID) VALUES (1604, 40);
INSERT INTO INCLUT (PROJET_ID, DOCUMENT_ID) VALUES (1605, 36);
INSERT INTO INCLUT (PROJET_ID, DOCUMENT_ID) VALUES (1601, 42);
INSERT INTO INCLUT (PROJET_ID, DOCUMENT_ID) VALUES (1601, 6);
INSERT INTO INCLUT (PROJET_ID, DOCUMENT_ID) VALUES (1602, 7);
INSERT INTO INCLUT (PROJET_ID, DOCUMENT_ID) VALUES (1601, 23);
INSERT INTO INCLUT (PROJET_ID, DOCUMENT_ID) VALUES (1601, 43);
INSERT INTO INCLUT (PROJET_ID, DOCUMENT_ID) VALUES (1603, 48);
INSERT INTO INCLUT (PROJET_ID, DOCUMENT_ID) VALUES (1601, 50);
INSERT INTO INCLUT (PROJET_ID, DOCUMENT_ID) VALUES (1601, 55);
INSERT INTO INCLUT (PROJET_ID, DOCUMENT_ID) VALUES (1603, 72);
INSERT INTO INCLUT (PROJET_ID, DOCUMENT_ID) VALUES (1601, 81);
INSERT INTO INCLUT (PROJET_ID, DOCUMENT_ID) VALUES (1604, 83);
INSERT INTO INCLUT (PROJET_ID, DOCUMENT_ID) VALUES (1601, 88);
INSERT INTO INCLUT (PROJET_ID, DOCUMENT_ID) VALUES (1601, 89);
INSERT INTO INCLUT (PROJET_ID, DOCUMENT_ID) VALUES (1602, 96);
INSERT INTO INCLUT (PROJET_ID, DOCUMENT_ID) VALUES (1601, 100);

/****
AJOUT DE DONNEES POUR LA TABLE UTILISE
****/
INSERT INTO UTILISE (PROJET_ID, TECHNOLOGIE_ID) VALUES (1601, 1);
INSERT INTO UTILISE (PROJET_ID, TECHNOLOGIE_ID) VALUES (1601, 5);
INSERT INTO UTILISE (PROJET_ID, TECHNOLOGIE_ID) VALUES (1601, 8);
INSERT INTO UTILISE (PROJET_ID, TECHNOLOGIE_ID) VALUES (1602, 2);
INSERT INTO UTILISE (PROJET_ID, TECHNOLOGIE_ID) VALUES (1602, 4);
INSERT INTO UTILISE (PROJET_ID, TECHNOLOGIE_ID) VALUES (1602, 3);
INSERT INTO UTILISE (PROJET_ID, TECHNOLOGIE_ID) VALUES (1603, 4);
INSERT INTO UTILISE (PROJET_ID, TECHNOLOGIE_ID) VALUES (1603, 2);
INSERT INTO UTILISE (PROJET_ID, TECHNOLOGIE_ID) VALUES (1603, 1);
INSERT INTO UTILISE (PROJET_ID, TECHNOLOGIE_ID) VALUES (1604, 1);
INSERT INTO UTILISE (PROJET_ID, TECHNOLOGIE_ID) VALUES (1604, 6);
INSERT INTO UTILISE (PROJET_ID, TECHNOLOGIE_ID) VALUES (1604, 7);
INSERT INTO UTILISE (PROJET_ID, TECHNOLOGIE_ID) VALUES (1605, 7);
INSERT INTO UTILISE (PROJET_ID, TECHNOLOGIE_ID) VALUES (1605, 3);
INSERT INTO UTILISE (PROJET_ID, TECHNOLOGIE_ID) VALUES (1605, 4);